-- SPDX-FileCopyrightText: 2026 SAP SE or an SAP affiliate company and Greenhouse contributors
-- SPDX-License-Identifier: Apache-2.0

SET FOREIGN_KEY_CHECKS = 0;

TRUNCATE TABLE Patch;

TRUNCATE TABLE Remediation;

TRUNCATE TABLE SupportGroupUser;

TRUNCATE TABLE Owner;

TRUNCATE TABLE IssueMatch;

TRUNCATE TABLE ComponentInstance;

TRUNCATE TABLE ComponentVersionIssue;

TRUNCATE TABLE IssueVariant;

TRUNCATE TABLE Issue;

TRUNCATE TABLE ComponentVersion;

TRUNCATE TABLE Component;

TRUNCATE TABLE IssueRepositoryService;

TRUNCATE TABLE IssueRepository;

TRUNCATE TABLE SupportGroupService;

TRUNCATE TABLE Service;

TRUNCATE TABLE SupportGroup;

TRUNCATE TABLE User;

INSERT INTO
    User (
        user_id,
        user_name,
        user_unique_user_id,
        user_email,
        user_type,
        user_created_by,
        user_updated_by
    )
VALUES (
        1,
        'heureka-system',
        'system',
        'heureka-system@example.internal',
        2,
        NULL,
        NULL
    ),
    (
        2,
        'Alice Hartmann',
        'I100201',
        'a.hartmann@example.internal',
        1,
        1,
        1
    ),
    (
        3,
        'Bob Mayer',
        'I100202',
        'b.mayer@example.internal',
        2,
        1,
        1
    ),
    (
        4,
        'Clara Novak',
        'I100203',
        'c.novak@example.internal',
        1,
        1,
        1
    ),
    (
        5,
        'David Sommer',
        'I100204',
        'd.sommer@example.internal',
        2,
        1,
        1
    ),
    (
        6,
        'Eva Richter',
        'I100205',
        'e.richter@example.internal',
        1,
        1,
        1
    ),
    (
        7,
        'Frank Bauer',
        'I100206',
        'f.bauer@example.internal',
        2,
        1,
        1
    ),
    (
        8,
        'Greta Schuster',
        'I100207',
        'g.schuster@example.internal',
        1,
        1,
        1
    ),
    (
        9,
        'Hans Vogel',
        'I100208',
        'h.vogel@example.internal',
        2,
        1,
        1
    ),
    (
        10,
        'Irene Wolf',
        'I100209',
        'i.wolf@example.internal',
        1,
        1,
        1
    ),
    (
        11,
        'Jonas Braun',
        'I100210',
        'j.braun@example.internal',
        2,
        1,
        1
    ),
    (
        12,
        'Katja Lorenz',
        'I100211',
        'k.lorenz@example.internal',
        1,
        1,
        1
    ),
    (
        13,
        'Leon Fuchs',
        'I100212',
        'l.fuchs@example.internal',
        2,
        1,
        1
    ),
    (
        14,
        'Maria Krause',
        'I100213',
        'm.krause@example.internal',
        1,
        1,
        1
    ),
    (
        15,
        'Nico Peters',
        'I100214',
        'n.peters@example.internal',
        2,
        1,
        1
    ),
    (
        16,
        'Olivia Roth',
        'I100215',
        'o.roth@example.internal',
        1,
        1,
        1
    ),
    (
        17,
        'Paul Zimmer',
        'I100216',
        'p.zimmer@example.internal',
        2,
        1,
        1
    ),
    (
        18,
        'Quinn Lange',
        'I100217',
        'q.lange@example.internal',
        1,
        1,
        1
    ),
    (
        19,
        'Rosa Engel',
        'I100218',
        'r.engel@example.internal',
        2,
        1,
        1
    ),
    (
        20,
        'Stefan Koch',
        'I100219',
        's.koch@example.internal',
        1,
        1,
        1
    ),
    (
        21,
        'Tina Schulz',
        'I100220',
        't.schulz@example.internal',
        2,
        1,
        1
    ),
    (
        22,
        'Ulrich Berger',
        'I100221',
        'u.berger@example.internal',
        1,
        1,
        1
    ),
    (
        23,
        'Vera Hoffmann',
        'I100222',
        'v.hoffmann@example.internal',
        2,
        1,
        1
    ),
    (
        24,
        'Walter Klein',
        'I100223',
        'w.klein@example.internal',
        1,
        1,
        1
    ),
    (
        25,
        'Xenia Graf',
        'I100224',
        'x.graf@example.internal',
        2,
        1,
        1
    ),
    (
        26,
        'Yannick Weiss',
        'I100225',
        'y.weiss@example.internal',
        1,
        1,
        1
    ),
    (
        27,
        'Zara Neumann',
        'I100226',
        'z.neumann@example.internal',
        2,
        1,
        1
    ),
    (
        28,
        'scanner-bot-01',
        'T200001',
        'scanner-01@example.internal',
        2,
        1,
        1
    ),
    (
        29,
        'scanner-bot-02',
        'T200002',
        'scanner-02@example.internal',
        2,
        1,
        1
    ),
    (
        30,
        'importer-bot-01',
        'T200003',
        'importer-01@example.internal',
        2,
        1,
        1
    );

INSERT INTO
    SupportGroup (
        supportgroup_id,
        supportgroup_ccrn,
        supportgroup_created_by,
        supportgroup_updated_by
    )
VALUES (1, 'compute', 1, 1),
    (
        2,
        'compute-storage-api',
        1,
        1
    ),
    (3, 'containers', 1, 1),
    (4, 'email', 1, 1),
    (5, 'foundation', 1, 1),
    (6, 'identity', 1, 1),
    (7, 'network-api', 1, 1),
    (8, 'network-data', 1, 1),
    (9, 'network-lb', 1, 1),
    (10, 'network-security', 1, 1),
    (11, 'observability', 1, 1),
    (12, 'src', 1, 1),
    (13, 'storage', 1, 1);

INSERT INTO
    Service (
        service_id,
        service_ccrn,
        service_domain,
        service_region,
        service_created_by,
        service_updated_by
    )
VALUES (
        1,
        'fab-ctrl',
        'networking',
        'region-a',
        1,
        1
    ),
    (
        2,
        'watch-svc',
        'observability',
        'region-a',
        1,
        1
    ),
    (
        3,
        'alarm-svc',
        'observability',
        'region-a',
        1,
        1
    ),
    (
        4,
        'policy-ctrl',
        'networking',
        'region-a',
        1,
        1
    ),
    (
        5,
        'leaf-rt',
        'networking',
        'region-b',
        1,
        1
    ),
    (
        6,
        'edge-fw',
        'security',
        'region-a',
        1,
        1
    ),
    (
        7,
        'core-rt',
        'networking',
        'region-c',
        1,
        1
    ),
    (
        8,
        'audit-svc',
        'compliance',
        'region-a',
        1,
        1
    ),
    (
        9,
        'key-svc',
        'security',
        'region-b',
        1,
        1
    ),
    (
        10,
        'bare-svc',
        'vm-mgr',
        'region-a',
        1,
        1
    ),
    (
        11,
        'patch-ctrl',
        'platform',
        'region-a',
        1,
        1
    ),
    (
        12,
        'cert-svc',
        'security',
        'region-b',
        1,
        1
    ),
    (
        13,
        'block-svc',
        'store-svc',
        'region-a',
        1,
        1
    ),
    (
        14,
        'vm-mgr',
        'vm-mgr',
        'region-a',
        1,
        1
    ),
    (
        15,
        'build-svc',
        'ci-cd',
        'region-b',
        1,
        1
    ),
    (
        16,
        'dns-svc',
        'networking',
        'region-a',
        1,
        1
    ),
    (
        17,
        'export-svc',
        'observability',
        'region-a',
        1,
        1
    ),
    (
        18,
        'lb-hw',
        'networking',
        'region-a',
        1,
        1
    ),
    (
        19,
        'policy-svc',
        'security',
        'region-b',
        1,
        1
    ),
    (
        20,
        'img-svc',
        'vm-mgr',
        'region-a',
        1,
        1
    ),
    (
        21,
        'pmtud-svc',
        'networking',
        'region-a',
        1,
        1
    ),
    (
        22,
        'base-svc',
        'platform',
        'region-b',
        1,
        1
    ),
    (
        23,
        'cron-svc',
        'platform',
        'region-a',
        1,
        1
    ),
    (
        24,
        'event-svc',
        'identity',
        'region-a',
        1,
        1
    ),
    (
        25,
        'metal-svc',
        'vm-mgr',
        'region-b',
        1,
        1
    ),
    (
        26,
        'orch-svc',
        'platform',
        'region-a',
        1,
        1
    ),
    (
        27,
        'reg-svc',
        'platform',
        'region-b',
        1,
        1
    ),
    (
        28,
        'auth-svc',
        'identity',
        'region-a',
        1,
        1
    ),
    (
        29,
        'bgp-svc',
        'platform',
        'region-a',
        1,
        1
    ),
    (
        30,
        'daemon-svc',
        'platform',
        'region-b',
        1,
        1
    ),
    (
        31,
        'k8s-mgr',
        'platform',
        'region-a',
        1,
        1
    ),
    (
        32,
        'quota-svc',
        'platform',
        'region-b',
        1,
        1
    ),
    (
        33,
        'auto-svc',
        'platform',
        'region-a',
        1,
        1
    ),
    (
        34,
        'telemetry-svc',
        'observability',
        'region-b',
        1,
        1
    ),
    (
        35,
        'share-svc',
        'store-svc',
        'region-a',
        1,
        1
    ),
    (
        36,
        'metrics-svc',
        'observability',
        'region-a',
        1,
        1
    ),
    (
        37,
        'spine-sw',
        'networking',
        'region-b',
        1,
        1
    ),
    (
        38,
        'health-svc',
        'platform',
        'region-a',
        1,
        1
    ),
    (
        39,
        'ipam-svc',
        'networking',
        'region-a',
        1,
        1
    ),
    (
        40,
        'net-svc',
        'networking',
        'region-b',
        1,
        1
    ),
    (
        41,
        'sdn-svc',
        'networking',
        'region-a',
        1,
        1
    ),
    (
        42,
        'worker-svc',
        'vm-mgr',
        'region-a',
        1,
        1
    ),
    (
        43,
        'compute-svc',
        'vm-mgr',
        'region-b',
        1,
        1
    ),
    (
        44,
        'lb-svc',
        'networking',
        'region-a',
        1,
        1
    ),
    (
        45,
        'prom-svc',
        'observability',
        'region-b',
        1,
        1
    ),
    (
        46,
        'port-svc',
        'networking',
        'region-a',
        1,
        1
    ),
    (
        47,
        'replica-svc',
        'platform',
        'region-a',
        1,
        1
    ),
    (
        48,
        'resource-svc',
        'platform',
        'region-b',
        1,
        1
    ),
    (
        49,
        'patch-mgr',
        'platform',
        'region-a',
        1,
        1
    ),
    (
        50,
        'poll-svc',
        'networking',
        'region-b',
        1,
        1
    ),
    (
        51,
        'store-svc',
        'store-svc',
        'region-a',
        1,
        1
    ),
    (
        52,
        'obj-svc',
        'store-svc',
        'region-b',
        1,
        1
    ),
    (
        53,
        'vpn-svc',
        'networking',
        'region-a',
        1,
        1
    ),
    (
        54,
        'terminal-svc',
        'platform',
        'region-b',
        1,
        1
    );

INSERT INTO
    SupportGroupService (
        supportgroupservice_support_group_id,
        supportgroupservice_service_id
    )
VALUES (11, 1), -- observability <- fab-ctrl
    (11, 2), -- observability <- watch-svc
    (11, 3), -- observability <- alarm-svc
    (7, 4), -- network-api   <- policy-ctrl
    (5, 5), -- foundation    <- leaf-rt
    (11, 6), -- observability <- edge-fw
    (8, 7), -- network-data  <- core-rt
    (11, 8), -- observability <- audit-svc
    (5, 9), -- foundation    <- key-svc
    (1, 10), -- compute       <- bare-svc
    (3, 11), -- containers    <- patch-ctrl
    (3, 12), -- containers    <- cert-svc
    (1, 13), -- compute       <- block-svc
    (1, 14), -- compute       <- vm-mgr
    (3, 15), -- containers    <- build-svc
    (7, 16), -- network-api   <- dns-svc
    (2, 17), -- compute-storage-api <- export-svc
    (9, 18), -- network-lb    <- lb-hw
    (3, 19), -- containers    <- policy-svc
    (2, 20), -- compute-storage-api <- img-svc
    (3, 21), -- containers    <- pmtud-svc
    (3, 22), -- containers    <- base-svc
    (3, 23), -- containers    <- cron-svc
    (6, 24), -- identity      <- event-svc
    (5, 25), -- foundation    <- metal-svc
    (3, 26), -- containers    <- orch-svc
    (3, 27), -- containers    <- reg-svc
    (6, 28), -- identity      <- auth-svc
    (3, 29), -- containers    <- bgp-svc
    (3, 30), -- containers    <- daemon-svc
    (3, 31), -- containers    <- k8s-mgr
    (3, 32), -- containers    <- quota-svc
    (3, 33), -- containers    <- auto-svc
    (11, 34), -- observability <- telemetry-svc
    (2, 35), -- compute-storage-api <- share-svc
    (11, 36), -- observability <- metrics-svc
    (11, 37), -- observability <- spine-sw
    (3, 38), -- containers    <- health-svc
    (5, 39), -- foundation    <- ipam-svc
    (1, 40), -- compute       <- net-svc
    (7, 41), -- network-api   <- sdn-svc
    (3, 42), -- containers    <- worker-svc
    (2, 43), -- compute-storage-api <- compute-svc
    (7, 44), -- network-api   <- lb-svc
    (11, 45), -- observability <- prom-svc
    (7, 46), -- network-api   <- port-svc
    (12, 47), -- src           <- replica-svc
    (3, 48), -- containers    <- resource-svc
    (3, 49), -- containers    <- patch-mgr
    (11, 50), -- observability <- poll-svc
    (1, 51), -- compute       <- store-svc
    (13, 52), -- storage       <- obj-svc
    (3, 53), -- containers    <- vpn-svc
    (3, 54);

INSERT INTO
    IssueRepository (
        issuerepository_id,
        issuerepository_name,
        issuerepository_url,
        issuerepository_created_by,
        issuerepository_updated_by
    )
VALUES (
        1,
        'NVD',
        'https://nvd.example.internal',
        1,
        1
    ),
    (
        2,
        'GitHub Advisory',
        'https://ghsa.example.internal',
        1,
        1
    ),
    (
        3,
        'RedHat Advisory',
        'https://rhsa.example.internal',
        1,
        1
    ),
    (
        4,
        'VMSA',
        'https://vmsa.example.internal',
        1,
        1
    ),
    (
        5,
        'CC-Advisory',
        'https://cc-advisory.example.internal',
        1,
        1
    );

INSERT INTO
    IssueRepositoryService (
        issuerepositoryservice_service_id,
        issuerepositoryservice_issue_repository_id,
        issuerepositoryservice_priority
    )
VALUES (14, 1, 1),
    (14, 2, 2),
    (14, 3, 3),
    (43, 1, 1),
    (43, 2, 2),
    (28, 1, 1),
    (28, 3, 2),
    (41, 1, 1),
    (41, 2, 2),
    (13, 1, 1),
    (13, 3, 2),
    (26, 2, 1),
    (26, 3, 2),
    (45, 1, 1),
    (45, 5, 2),
    (52, 1, 1),
    (52, 2, 2),
    (11, 2, 1),
    (11, 5, 2),
    (31, 2, 1),
    (31, 3, 2);

INSERT INTO
    Component (
        component_id,
        component_ccrn,
        component_type,
        component_repository,
        component_organization,
        component_url,
        component_created_by,
        component_updated_by
    )
VALUES (
        1,
        'vm-engine',
        'containerImage',
        'vm-engine',
        'cloudex',
        'https://registry.example.internal/cloudex/vm-engine',
        1,
        1
    ),
    (
        2,
        'sdn-engine',
        'containerImage',
        'sdn-engine',
        'cloudex',
        'https://registry.example.internal/cloudex/sdn-engine',
        1,
        1
    ),
    (
        3,
        'auth-api',
        'containerImage',
        'auth-api',
        'cloudex',
        'https://registry.example.internal/cloudex/auth-api',
        1,
        1
    ),
    (
        4,
        'block-api',
        'containerImage',
        'block-api',
        'cloudex',
        'https://registry.example.internal/cloudex/block-api',
        1,
        1
    ),
    (
        5,
        'image-api',
        'containerImage',
        'image-api',
        'cloudex',
        'https://registry.example.internal/cloudex/image-api',
        1,
        1
    ),
    (
        6,
        'metric-srv',
        'containerImage',
        'metric-srv',
        'cloudex',
        'https://registry.example.internal/cloudex/metric-srv',
        1,
        1
    ),
    (
        7,
        'alarm-agent',
        'containerImage',
        'alarm-agent',
        'cloudex',
        'https://registry.example.internal/cloudex/alarm-agent',
        1,
        1
    ),
    (
        8,
        'orch-api',
        'containerImage',
        'orch-api',
        'cloudex',
        'https://registry.example.internal/cloudex/orch-api',
        1,
        1
    ),
    (
        9,
        'dist-store',
        'containerImage',
        'dist-store',
        'cloudex',
        'https://registry.example.internal/cloudex/dist-store',
        1,
        1
    ),
    (
        10,
        'dns-agent',
        'containerImage',
        'dns-agent',
        'cloudex',
        'https://registry.example.internal/cloudex/dns-agent',
        1,
        1
    ),
    (
        11,
        'ingress-ctrl',
        'containerImage',
        'ingress-ctrl',
        'cloudex',
        'https://registry.example.internal/cloudex/controller',
        1,
        1
    ),
    (
        12,
        'cert-ctrl',
        'containerImage',
        'cert-ctrl',
        'cloudex',
        'https://registry.example.internal/cloudex/cert-ctrl',
        1,
        1
    ),
    (
        13,
        'secret-mgr',
        'containerImage',
        'secret-mgr',
        'cloudex',
        'https://registry.example.internal/cloudex/secret-mgr',
        1,
        1
    ),
    (
        14,
        'sql-db',
        'containerImage',
        'sql-db',
        'sql-db',
        'https://registry.example.internal/library/sql-db',
        1,
        1
    ),
    (
        15,
        'cache-db',
        'containerImage',
        'cache-db',
        'cache-db',
        'https://registry.example.internal/library/cache-db',
        1,
        1
    ),
    (
        16,
        'msg-broker',
        'containerImage',
        'msg-broker',
        'msg-broker',
        'https://registry.example.internal/library/msg-broker',
        1,
        1
    ),
    (
        17,
        'base-os-22.04',
        'virtualMachineImage',
        'base-os',
        'cloudex',
        'https://registry.example.internal/cloudex/base-os',
        1,
        1
    ),
    (
        18,
        'base-os-12',
        'virtualMachineImage',
        'base-os',
        'base-os',
        'https://registry.example.internal/cloudex/base-os',
        1,
        1
    ),
    (
        19,
        'vuln-scanner',
        'repository',
        'vuln-scanner',
        'cloudex',
        'https://registry.example.internal/cloudex/vuln-scanner',
        1,
        1
    ),
    (
        20,
        'policy-ctrl',
        'containerImage',
        'policy-ctrl',
        'cloudex',
        'https://registry.example.internal/openpolicyagent/policy-ctrl',
        1,
        1
    ),
    (
        21,
        'obj-proxy',
        'containerImage',
        'obj-proxy',
        'cloudex',
        'https://registry.example.internal/cloudex/obj-proxy',
        1,
        1
    ),
    (
        22,
        'metal-api',
        'containerImage',
        'metal-api',
        'cloudex',
        'https://registry.example.internal/cloudex/metal-api',
        1,
        1
    ),
    (
        23,
        'fileshare-api',
        'containerImage',
        'fileshare-api',
        'cloudex',
        'https://registry.example.internal/cloudex/fileshare-api',
        1,
        1
    ),
    (
        24,
        'key-api',
        'containerImage',
        'key-api',
        'cloudex',
        'https://registry.example.internal/cloudex/key-api',
        1,
        1
    ),
    (
        25,
        'dns-api',
        'containerImage',
        'dns-api',
        'cloudex',
        'https://registry.example.internal/cloudex/dns-api',
        1,
        1
    ),
    (
        26,
        'lb-api',
        'containerImage',
        'lb-svc',
        'cloudex',
        'https://registry.example.internal/cloudex/lb-api',
        1,
        1
    ),
    (
        27,
        'log-fwd',
        'containerImage',
        'log-fwd',
        'cloudex',
        'https://registry.example.internal/cloudex/log-fwd',
        1,
        1
    ),
    (
        28,
        'search-engine',
        'containerImage',
        'search-engine',
        'cloudex',
        'https://registry.example.internal/cloudex/search-engine',
        1,
        1
    ),
    (
        29,
        'dash-board',
        'containerImage',
        'dash-board',
        'dash-board',
        'https://registry.example.internal/cloudex/dash-board',
        1,
        1
    ),
    (
        30,
        'img-repo',
        'containerImage',
        'img-repo',
        'cloudex',
        'https://registry.example.internal/cloudex/img-repo-core',
        1,
        1
    ),
    (
        31,
        'trace-coll',
        'containerImage',
        'trace-coll',
        'cloudex',
        'https://registry.example.internal/cloudex/all-in-one',
        1,
        1
    ),
    (
        32,
        'log-index',
        'containerImage',
        'log-index',
        'dash-board',
        'https://registry.example.internal/cloudex/log-index',
        1,
        1
    ),
    (
        33,
        'metric-arch',
        'containerImage',
        'metric-arch',
        'cloudex',
        'https://registry.example.internal/cloudex/metric-arch',
        1,
        1
    ),
    (
        34,
        'net-agent',
        'containerImage',
        'net-agent',
        'cloudex',
        'https://registry.example.internal/cloudex/net-agent',
        1,
        1
    ),
    (
        35,
        'net-plane',
        'containerImage',
        'net-plane',
        'net-plane',
        'https://registry.example.internal/cloudex/net-plane',
        1,
        1
    ),
    (
        36,
        'backup-ctrl',
        'containerImage',
        'backup-ctrl',
        'cloudex',
        'https://registry.example.internal/cloudex/backup-ctrl',
        1,
        1
    ),
    (
        37,
        'infra-mgr',
        'containerImage',
        'infra-mgr',
        'infra-mgr',
        'https://registry.example.internal/cloudex/infra-mgr',
        1,
        1
    ),
    (
        38,
        'deploy-ctrl',
        'containerImage',
        'deploy-ctrl',
        'cloudex',
        'https://registry.example.internal/cloudex/deploy-ctrl',
        1,
        1
    ),
    (
        39,
        'build-ctrl',
        'containerImage',
        'build-ctrl',
        'cloudex',
        'https://registry.example.internal/cloudex/pipeline',
        1,
        1
    ),
    (
        40,
        'policy-agent',
        'containerImage',
        'policy-agent',
        'policy-agent',
        'https://registry.example.internal/cloudex/policy-agent',
        1,
        1
    );

INSERT INTO
    ComponentVersion (
        componentversion_id,
        componentversion_version,
        componentversion_component_id,
        componentversion_tag,
        componentversion_repository,
        componentversion_organization,
        componentversion_end_of_life,
        componentversion_created_by,
        componentversion_updated_by
    )
VALUES (
        1,
        'sha:a1b2c3d4e5f6a1b2c3d4e5f6a1b2c3d4e5f6a1b2c3d4e5f6a1b2c3d4e5f6a1b2',
        1,
        'v27.0.0',
        'cloudex',
        'cloudex',
        FALSE,
        1,
        1
    ),
    (
        2,
        'sha:b2c3d4e5f6a1b2c3d4e5f6a1b2c3d4e5f6a1b2c3d4e5f6a1b2c3d4e5f6a1b2c3',
        1,
        'v26.3.1',
        'cloudex',
        'cloudex',
        TRUE,
        1,
        1
    ),
    (
        3,
        'sha:c3d4e5f6a1b2c3d4e5f6a1b2c3d4e5f6a1b2c3d4e5f6a1b2c3d4e5f6a1b2c3d4',
        2,
        'v23.1.0',
        'cloudex',
        'cloudex',
        FALSE,
        1,
        1
    ),
    (
        4,
        'sha:d4e5f6a1b2c3d4e5f6a1b2c3d4e5f6a1b2c3d4e5f6a1b2c3d4e5f6a1b2c3d4e5',
        2,
        'v22.4.2',
        'cloudex',
        'cloudex',
        TRUE,
        1,
        1
    ),
    (
        5,
        'sha:e5f6a1b2c3d4e5f6a1b2c3d4e5f6a1b2c3d4e5f6a1b2c3d4e5f6a1b2c3d4e5f6',
        3,
        'v23.0.1',
        'cloudex',
        'cloudex',
        FALSE,
        1,
        1
    ),
    (
        6,
        'sha:f6a1b2c3d4e5f6a1b2c3d4e5f6a1b2c3d4e5f6a1b2c3d4e5f6a1b2c3d4e5f6a1',
        3,
        'v22.0.0',
        'cloudex',
        'cloudex',
        TRUE,
        1,
        1
    ),
    (
        7,
        'sha:a7b8c9d0e1f2a7b8c9d0e1f2a7b8c9d0e1f2a7b8c9d0e1f2a7b8c9d0e1f2a7b8',
        4,
        'v22.1.0',
        'cloudex',
        'cloudex',
        FALSE,
        1,
        1
    ),
    (
        8,
        'sha:b8c9d0e1f2a3b8c9d0e1f2a3b8c9d0e1f2a3b8c9d0e1f2a3b8c9d0e1f2a3b8c9',
        5,
        'v26.1.0',
        'cloudex',
        'cloudex',
        FALSE,
        1,
        1
    ),
    (
        9,
        'sha:c9d0e1f2a3b4c9d0e1f2a3b4c9d0e1f2a3b4c9d0e1f2a3b4c9d0e1f2a3b4c9d0',
        6,
        'v2.51.0',
        'cloudex',
        'cloudex',
        FALSE,
        1,
        1
    ),
    (
        10,
        'sha:d0e1f2a3b4c5d0e1f2a3b4c5d0e1f2a3b4c5d0e1f2a3b4c5d0e1f2a3b4c5d0e1',
        6,
        'v2.48.1',
        'cloudex',
        'cloudex',
        TRUE,
        1,
        1
    ),
    (
        11,
        'sha:e1f2a3b4c5d6e1f2a3b4c5d6e1f2a3b4c5d6e1f2a3b4c5d6e1f2a3b4c5d6e1f2',
        7,
        'v0.26.0',
        'cloudex',
        'cloudex',
        FALSE,
        1,
        1
    ),
    (
        12,
        'sha:f2a3b4c5d6e7f2a3b4c5d6e7f2a3b4c5d6e7f2a3b4c5d6e7f2a3b4c5d6e7f2a3',
        8,
        'v1.29.3',
        'cloudex',
        'cloudex',
        FALSE,
        1,
        1
    ),
    (
        13,
        'sha:a3b4c5d6e7f8a3b4c5d6e7f8a3b4c5d6e7f8a3b4c5d6e7f8a3b4c5d6e7f8a3b4',
        8,
        'v1.27.9',
        'cloudex',
        'cloudex',
        TRUE,
        1,
        1
    ),
    (
        14,
        'sha:b4c5d6e7f8a9b4c5d6e7f8a9b4c5d6e7f8a9b4c5d6e7f8a9b4c5d6e7f8a9b4c5',
        9,
        'v3.5.12',
        'cloudex',
        'cloudex',
        FALSE,
        1,
        1
    ),
    (
        15,
        'sha:c5d6e7f8a9b0c5d6e7f8a9b0c5d6e7f8a9b0c5d6e7f8a9b0c5d6e7f8a9b0c5d6',
        10,
        'v1.11.1',
        'cloudex',
        'cloudex',
        FALSE,
        1,
        1
    ),
    (
        16,
        'sha:d6e7f8a9b0c1d6e7f8a9b0c1d6e7f8a9b0c1d6e7f8a9b0c1d6e7f8a9b0c1d6e7',
        11,
        'v1.9.6',
        'cloudex',
        'cloudex',
        FALSE,
        1,
        1
    ),
    (
        17,
        'sha:e7f8a9b0c1d2e7f8a9b0c1d2e7f8a9b0c1d2e7f8a9b0c1d2e7f8a9b0c1d2e7f8',
        12,
        'v1.13.0',
        'cloudex',
        'cloudex',
        FALSE,
        1,
        1
    ),
    (
        18,
        'sha:f8a9b0c1d2e3f8a9b0c1d2e3f8a9b0c1d2e3f8a9b0c1d2e3f8a9b0c1d2e3f8a9',
        13,
        'v1.14.8',
        'cloudex',
        'cloudex',
        FALSE,
        1,
        1
    ),
    (
        19,
        'sha:a9b0c1d2e3f4a9b0c1d2e3f4a9b0c1d2e3f4a9b0c1d2e3f4a9b0c1d2e3f4a9b0',
        14,
        '15.5',
        'cloudex',
        'cloudex',
        FALSE,
        1,
        1
    ),
    (
        20,
        'sha:b0c1d2e3f4a5b0c1d2e3f4a5b0c1d2e3f4a5b0c1d2e3f4a5b0c1d2e3f4a5b0c1',
        14,
        '14.10',
        'cloudex',
        'cloudex',
        TRUE,
        1,
        1
    ),
    (
        21,
        'sha:c1d2e3f4a5b6c1d2e3f4a5b6c1d2e3f4a5b6c1d2e3f4a5b6c1d2e3f4a5b6c1d2',
        15,
        '7.2.4',
        'cloudex',
        'cloudex',
        FALSE,
        1,
        1
    ),
    (
        22,
        'sha:d2e3f4a5b6c7d2e3f4a5b6c7d2e3f4a5b6c7d2e3f4a5b6c7d2e3f4a5b6c7d2e3',
        16,
        '3.12.13',
        'cloudex',
        'cloudex',
        FALSE,
        1,
        1
    ),
    (
        23,
        'sha:e3f4a5b6c7d8e3f4a5b6c7d8e3f4a5b6c7d8e3f4a5b6c7d8e3f4a5b6c7d8e3f4',
        17,
        '22.04.3',
        'cloudex',
        'cloudex',
        FALSE,
        1,
        1
    ),
    (
        24,
        'sha:f4a5b6c7d8e9f4a5b6c7d8e9f4a5b6c7d8e9f4a5b6c7d8e9f4a5b6c7d8e9f4a5',
        17,
        '20.04.6',
        'cloudex',
        'cloudex',
        TRUE,
        1,
        1
    ),
    (
        25,
        'sha:a5b6c7d8e9f0a5b6c7d8e9f0a5b6c7d8e9f0a5b6c7d8e9f0a5b6c7d8e9f0a5b6',
        18,
        '12.4',
        'cloudex',
        'cloudex',
        FALSE,
        1,
        1
    ),
    (
        26,
        'sha:b6c7d8e9f0a1b6c7d8e9f0a1b6c7d8e9f0a1b6c7d8e9f0a1b6c7d8e9f0a1b6c7',
        20,
        'v3.14.0',
        'cloudex',
        'cloudex',
        FALSE,
        1,
        1
    ),
    (
        27,
        'sha:c7d8e9f0a1b2c7d8e9f0a1b2c7d8e9f0a1b2c7d8e9f0a1b2c7d8e9f0a1b2c7d8',
        21,
        'v2.30.0',
        'cloudex',
        'cloudex',
        FALSE,
        1,
        1
    ),
    (
        28,
        'sha:d8e9f0a1b2c3d8e9f0a1b2c3d8e9f0a1b2c3d8e9f0a1b2c3d8e9f0a1b2c3d8e9',
        27,
        'v1.16.2',
        'cloudex',
        'cloudex',
        FALSE,
        1,
        1
    ),
    (
        29,
        'sha:e9f0a1b2c3d4e9f0a1b2c3d4e9f0a1b2c3d4e9f0a1b2c3d4e9f0a1b2c3d4e9f0',
        29,
        '10.2.3',
        'cloudex',
        'cloudex',
        FALSE,
        1,
        1
    ),
    (
        30,
        'sha:f0a1b2c3d4e5f0a1b2c3d4e5f0a1b2c3d4e5f0a1b2c3d4e5f0a1b2c3d4e5f0a1',
        34,
        'v3.27.0',
        'cloudex',
        'cloudex',
        FALSE,
        1,
        1
    ),
    (
        31,
        'sha:a1b2c3d4e5f6a1b2c3d4e5f6a1b2c3d4e5f6a1b2c3d4e5f6a1b2c3d4e5f600bb',
        35,
        'v1.14.5',
        'cloudex',
        'cloudex',
        FALSE,
        1,
        1
    ),
    (
        32,
        'sha:b2c3d4e5f6a7b2c3d4e5f6a7b2c3d4e5f6a7b2c3d4e5f6a7b2c3d4e5f6a7b2c3',
        38,
        'v2.9.7',
        'cloudex',
        'cloudex',
        FALSE,
        1,
        1
    ),
    (
        33,
        'sha:c3d4e5f6a7b8c3d4e5f6a7b8c3d4e5f6a7b8c3d4e5f6a7b8c3d4e5f6a7b8c3d4',
        28,
        '8.11.3',
        'cloudex',
        'cloudex',
        FALSE,
        1,
        1
    ),
    (
        34,
        'sha:d4e5f6a7b8c9d4e5f6a7b8c9d4e5f6a7b8c9d4e5f6a7b8c9d4e5f6a7b8c9d4e5',
        28,
        '7.17.18',
        'cloudex',
        'cloudex',
        TRUE,
        1,
        1
    ),
    (
        35,
        'sha:e5f6a7b8c9d0e5f6a7b8c9d0e5f6a7b8c9d0e5f6a7b8c9d0e5f6a7b8c9d0e5f6',
        30,
        'v2.9.4',
        'cloudex',
        'cloudex',
        FALSE,
        1,
        1
    ),
    (
        36,
        'sha:f6a7b8c9d0e1f6a7b8c9d0e1f6a7b8c9d0e1f6a7b8c9d0e1f6a7b8c9d0e1f6a7',
        40,
        'v1.10.3',
        'cloudex',
        'cloudex',
        FALSE,
        1,
        1
    ),
    (
        37,
        'sha:a7b8c9d0e1f2a7b8c9d0e1f2a7b8c9d0e1f2a7b8c9d0e1f2a7b8c9d0e1f2a7b9',
        22,
        'v21.1.0',
        'cloudex',
        'cloudex',
        FALSE,
        1,
        1
    ),
    (
        38,
        'sha:b8c9d0e1f2a3b8c9d0e1f2a3b8c9d0e1f2a3b8c9d0e1f2a3b8c9d0e1f2a3b8ca',
        23,
        'v13.0.0',
        'cloudex',
        'cloudex',
        FALSE,
        1,
        1
    ),
    (
        39,
        'sha:c9d0e1f2a3b4c9d0e1f2a3b4c9d0e1f2a3b4c9d0e1f2a3b4c9d0e1f2a3b4c9cb',
        24,
        'v16.0.1',
        'cloudex',
        'cloudex',
        FALSE,
        1,
        1
    ),
    (
        40,
        'sha:d0e1f2a3b4c5d0e1f2a3b4c5d0e1f2a3b4c5d0e1f2a3b4c5d0e1f2a3b4c5d0dc',
        25,
        'v17.0.0',
        'cloudex',
        'cloudex',
        FALSE,
        1,
        1
    );

INSERT INTO
    Issue (
        issue_id,
        issue_type,
        issue_primary_name,
        issue_description,
        issue_created_by,
        issue_updated_by
    )
VALUES (
        1,
        'Vulnerability',
        'CVE-0000-10001',
        'Remote code execution via crafted HTTP request in web framework',
        1,
        1
    ),
    (
        2,
        'Vulnerability',
        'CVE-0000-10002',
        'Privilege escalation through insecure deserialization',
        1,
        1
    ),
    (
        3,
        'Vulnerability',
        'CVE-0000-10003',
        'SQL injection in authentication endpoint allows credential bypass',
        1,
        1
    ),
    (
        4,
        'Vulnerability',
        'CVE-0000-10004',
        'Path traversal vulnerability exposes arbitrary files on host',
        1,
        1
    ),
    (
        5,
        'Vulnerability',
        'CVE-0000-10005',
        'Buffer overflow in network packet parsing leads to denial of service',
        1,
        1
    ),
    (
        6,
        'Vulnerability',
        'CVE-0000-10006',
        'Server-side request forgery in cloud metadata endpoint',
        1,
        1
    ),
    (
        7,
        'Vulnerability',
        'CVE-0000-10007',
        'Cryptographic weakness allows session token forgery',
        1,
        1
    ),
    (
        8,
        'Vulnerability',
        'CVE-0000-10008',
        'XML external entity injection in configuration parser',
        1,
        1
    ),
    (
        9,
        'Vulnerability',
        'CVE-0000-10009',
        'Insecure default credentials in management interface',
        1,
        1
    ),
    (
        10,
        'Vulnerability',
        'CVE-0000-10010',
        'Cross-site scripting via unsanitized user input in dashboard',
        1,
        1
    ),
    (
        11,
        'Vulnerability',
        'CVE-0000-10011',
        'Memory corruption in TLS handshake processing',
        1,
        1
    ),
    (
        12,
        'Vulnerability',
        'CVE-0000-10012',
        'Integer overflow in image processing library',
        1,
        1
    ),
    (
        13,
        'Vulnerability',
        'CVE-0000-10013',
        'Command injection through environment variable interpolation',
        1,
        1
    ),
    (
        14,
        'Vulnerability',
        'CVE-0000-10014',
        'Race condition in token validation allows authentication bypass',
        1,
        1
    ),
    (
        15,
        'Vulnerability',
        'CVE-0000-10015',
        'Uncontrolled resource consumption leads to OOM crash',
        1,
        1
    ),
    (
        16,
        'Vulnerability',
        'CVE-0000-20001',
        'Use-after-free in kernel network subsystem',
        1,
        1
    ),
    (
        17,
        'Vulnerability',
        'CVE-0000-20002',
        'NULL pointer dereference in hypervisor VIRTIO handler',
        1,
        1
    ),
    (
        18,
        'Vulnerability',
        'CVE-0000-20003',
        'Container escape via cgroup namespace misconfiguration',
        1,
        1
    ),
    (
        19,
        'Vulnerability',
        'CVE-0000-20004',
        'LDAP injection in identity provider integration',
        1,
        1
    ),
    (
        20,
        'Vulnerability',
        'CVE-0000-20005',
        'Open redirect in OAuth2 callback handler',
        1,
        1
    ),
    (
        21,
        'Vulnerability',
        'CVE-0000-20006',
        'Reflected file download via content-disposition header manipulation',
        1,
        1
    ),
    (
        22,
        'Vulnerability',
        'CVE-0000-20007',
        'Prototype pollution in JavaScript configuration parser',
        1,
        1
    ),
    (
        23,
        'Vulnerability',
        'CVE-0000-20008',
        'Denial of service via malformed gzip payload',
        1,
        1
    ),
    (
        24,
        'Vulnerability',
        'CVE-0000-20009',
        'Insecure direct object reference in resource API',
        1,
        1
    ),
    (
        25,
        'Vulnerability',
        'CVE-0000-20010',
        'Hard-coded cryptographic key material in configuration',
        1,
        1
    ),
    (
        26,
        'Vulnerability',
        'CVE-0000-30001',
        'Remote code execution in YAML deserialization',
        1,
        1
    ),
    (
        27,
        'Vulnerability',
        'CVE-0000-30002',
        'Heap buffer overflow in DNS response parsing',
        1,
        1
    ),
    (
        28,
        'Vulnerability',
        'CVE-0000-30003',
        'Improper certificate validation in mTLS termination',
        1,
        1
    ),
    (
        29,
        'Vulnerability',
        'CVE-0000-30004',
        'Timing side-channel in cryptographic comparison',
        1,
        1
    ),
    (
        30,
        'Vulnerability',
        'CVE-0000-30005',
        'Insufficient entropy in UUID generation for session tokens',
        1,
        1
    ),
    (
        31,
        'Vulnerability',
        'CVE-0000-40001',
        'Arbitrary file write via archive extraction path traversal',
        1,
        1
    ),
    (
        32,
        'Vulnerability',
        'CVE-0000-40002',
        'Server-side template injection in report generation',
        1,
        1
    ),
    (
        33,
        'Vulnerability',
        'CVE-0000-40003',
        'Broken access control allows tenant cross-contamination',
        1,
        1
    ),
    (
        34,
        'Vulnerability',
        'CVE-0000-40004',
        'Unauthenticated metrics endpoint exposes internal topology',
        1,
        1
    ),
    (
        35,
        'Vulnerability',
        'CVE-0000-40005',
        'Kubernetes API server anonymous authentication bypass',
        1,
        1
    ),
    (
        36,
        'PolicyViolation',
        'POL-2024-0001',
        'Container running as root without securityContext restriction',
        1,
        1
    ),
    (
        37,
        'PolicyViolation',
        'POL-2024-0002',
        'Image pulled without digest pinning, allowing tag substitution',
        1,
        1
    ),
    (
        38,
        'PolicyViolation',
        'POL-2024-0003',
        'Secret stored in environment variable instead of mounted secret volume',
        1,
        1
    ),
    (
        39,
        'PolicyViolation',
        'POL-2024-0004',
        'NetworkPolicy missing: pod allows unrestricted egress',
        1,
        1
    ),
    (
        40,
        'PolicyViolation',
        'POL-2024-0005',
        'PodDisruptionBudget not configured for critical workload',
        1,
        1
    ),
    (
        41,
        'PolicyViolation',
        'POL-2024-0006',
        'Resource limits absent: container can exhaust node memory',
        1,
        1
    ),
    (
        42,
        'PolicyViolation',
        'POL-2024-0007',
        'ServiceAccount with cluster-admin binding not justified',
        1,
        1
    ),
    (
        43,
        'PolicyViolation',
        'POL-2023-0001',
        'Host path mount used in production workload without review',
        1,
        1
    ),
    (
        44,
        'PolicyViolation',
        'POL-2023-0002',
        'Liveness probe absent on stateful service',
        1,
        1
    ),
    (
        45,
        'PolicyViolation',
        'POL-2023-0003',
        'TLS 1.1 still accepted on public load balancer listener',
        1,
        1
    ),
    (
        46,
        'SecurityEvent',
        'EVT-2024-0001',
        'Anomalous outbound connection detected from compute node to external IP',
        1,
        1
    ),
    (
        47,
        'SecurityEvent',
        'EVT-2024-0002',
        'Multiple failed sudo attempts on bastion host',
        1,
        1
    ),
    (
        48,
        'SecurityEvent',
        'EVT-2024-0003',
        'Unexpected privileged container spawned in production namespace',
        1,
        1
    ),
    (
        49,
        'SecurityEvent',
        'EVT-2024-0004',
        'Configuration drift detected: firewall rule removed outside change window',
        1,
        1
    ),
    (
        50,
        'SecurityEvent',
        'EVT-2023-0001',
        'Credential stuffing attempt on identity provider login endpoint',
        1,
        1
    );

INSERT INTO
    IssueVariant (
        issuevariant_id,
        issuevariant_issue_id,
        issuevariant_repository_id,
        issuevariant_secondary_name,
        issuevariant_vector,
        issuevariant_rating,
        issuevariant_description,
        issuevariant_external_url,
        issuevariant_created_by,
        issuevariant_updated_by
    )
VALUES
    -- Critical
    (
        1,
        1,
        2,
        'GHSA-2024-10001',
        'CVSS:3.1/AV:N/AC:L/PR:N/UI:N/S:C/C:H/I:H/A:H',
        'Critical',
        'RCE via HTTP request in web framework, GHSA record',
        'https://ghsa.example.internal/GHSA-2024-10001',
        1,
        1
    ),
    (
        2,
        1,
        1,
        'CVE-0000-10001',
        'CVSS:3.1/AV:N/AC:L/PR:N/UI:N/S:C/C:H/I:H/A:H',
        'Critical',
        'RCE via HTTP request in web framework, NVD record',
        'https://nvd.example.internal/CVE-0000-10001',
        1,
        1
    ),
    (
        3,
        2,
        2,
        'GHSA-2024-10002',
        'CVSS:3.1/AV:N/AC:L/PR:L/UI:N/S:U/C:H/I:H/A:H',
        'High',
        'Privilege escalation, GHSA record',
        'https://ghsa.example.internal/GHSA-2024-10002',
        1,
        1
    ),
    (
        4,
        3,
        3,
        'RHSA-2024-10003',
        'CVSS:3.1/AV:N/AC:L/PR:N/UI:N/S:U/C:H/I:H/A:N',
        'Critical',
        'SQL injection in auth endpoint, RHSA record',
        'https://rhsa.example.internal/RHSA-2024-10003',
        1,
        1
    ),
    (
        5,
        3,
        1,
        'CVE-0000-10003',
        'CVSS:3.1/AV:N/AC:L/PR:N/UI:N/S:U/C:H/I:H/A:N',
        'Critical',
        'SQL injection in auth endpoint, NVD record',
        'https://nvd.example.internal/CVE-0000-10003',
        1,
        1
    ),
    (
        6,
        4,
        2,
        'GHSA-2024-10004',
        'CVSS:3.1/AV:N/AC:L/PR:L/UI:N/S:U/C:H/I:N/A:N',
        'Medium',
        'Path traversal, GHSA record',
        'https://ghsa.example.internal/GHSA-2024-10004',
        1,
        1
    ),
    (
        7,
        5,
        1,
        'CVE-0000-10005',
        'CVSS:3.1/AV:N/AC:L/PR:N/UI:N/S:U/C:N/I:N/A:H',
        'High',
        'Buffer overflow DoS, NVD record',
        'https://nvd.example.internal/CVE-0000-10005',
        1,
        1
    ),
    (
        8,
        6,
        1,
        'CVE-0000-10006',
        'CVSS:3.1/AV:N/AC:L/PR:N/UI:N/S:C/C:H/I:L/A:N',
        'Critical',
        'SSRF in cloud metadata endpoint, NVD record',
        'https://nvd.example.internal/CVE-0000-10006',
        1,
        1
    ),
    (
        9,
        6,
        5,
        'CC-2024-10006',
        'CVSS:3.1/AV:N/AC:L/PR:N/UI:N/S:C/C:H/I:L/A:N',
        'Critical',
        'SSRF in cloud metadata endpoint, CC-Advisory record',
        'https://cc-advisory.example.internal/CC-2024-10006',
        1,
        1
    ),
    (
        10,
        7,
        2,
        'GHSA-2024-10007',
        'CVSS:3.1/AV:N/AC:H/PR:N/UI:N/S:U/C:H/I:H/A:N',
        'High',
        'Cryptographic weakness, GHSA record',
        'https://ghsa.example.internal/GHSA-2024-10007',
        1,
        1
    ),
    (
        11,
        8,
        3,
        'RHSA-2024-10008',
        'CVSS:3.1/AV:N/AC:L/PR:N/UI:R/S:U/C:H/I:N/A:N',
        'Medium',
        'XXE injection in config parser, RHSA record',
        'https://rhsa.example.internal/RHSA-2024-10008',
        1,
        1
    ),
    (
        12,
        9,
        1,
        'CVE-0000-10009',
        'CVSS:3.1/AV:N/AC:L/PR:N/UI:N/S:U/C:H/I:H/A:H',
        'Critical',
        'Insecure default creds, NVD record',
        'https://nvd.example.internal/CVE-0000-10009',
        1,
        1
    ),
    (
        13,
        10,
        2,
        'GHSA-2024-10010',
        'CVSS:3.1/AV:N/AC:L/PR:N/UI:R/S:C/C:L/I:L/A:N',
        'Medium',
        'XSS in dashboard, GHSA record',
        'https://ghsa.example.internal/GHSA-2024-10010',
        1,
        1
    ),
    (
        14,
        11,
        1,
        'CVE-0000-10011',
        'CVSS:3.1/AV:N/AC:H/PR:N/UI:N/S:U/C:H/I:H/A:H',
        'High',
        'Memory corruption in TLS, NVD record',
        'https://nvd.example.internal/CVE-0000-10011',
        1,
        1
    ),
    (
        15,
        12,
        2,
        'GHSA-2024-10012',
        'CVSS:3.1/AV:N/AC:L/PR:N/UI:N/S:U/C:N/I:N/A:H',
        'High',
        'Integer overflow in image lib, GHSA record',
        'https://ghsa.example.internal/GHSA-2024-10012',
        1,
        1
    ),
    (
        16,
        13,
        3,
        'RHSA-2024-10013',
        'CVSS:3.1/AV:L/AC:L/PR:L/UI:N/S:U/C:H/I:H/A:H',
        'High',
        'Command injection via env vars, RHSA record',
        'https://rhsa.example.internal/RHSA-2024-10013',
        1,
        1
    ),
    (
        17,
        14,
        1,
        'CVE-0000-10014',
        'CVSS:3.1/AV:N/AC:H/PR:N/UI:N/S:U/C:H/I:H/A:N',
        'High',
        'Race condition in token validation, NVD record',
        'https://nvd.example.internal/CVE-0000-10014',
        1,
        1
    ),
    (
        18,
        15,
        2,
        'GHSA-2024-10015',
        'CVSS:3.1/AV:N/AC:L/PR:N/UI:N/S:U/C:N/I:N/A:H',
        'High',
        'Uncontrolled resource consumption, GHSA record',
        'https://ghsa.example.internal/GHSA-2024-10015',
        1,
        1
    ),
    (
        19,
        16,
        1,
        'CVE-0000-20001',
        'CVSS:3.1/AV:L/AC:L/PR:L/UI:N/S:C/C:H/I:H/A:H',
        'High',
        'Use-after-free in kernel, NVD record',
        'https://nvd.example.internal/CVE-0000-20001',
        1,
        1
    ),
    (
        20,
        16,
        3,
        'RHSA-2024-20001',
        'CVSS:3.1/AV:L/AC:L/PR:L/UI:N/S:C/C:H/I:H/A:H',
        'High',
        'Use-after-free in kernel, RHSA record',
        'https://rhsa.example.internal/RHSA-2024-20001',
        1,
        1
    ),
    (
        21,
        17,
        1,
        'CVE-0000-20002',
        'CVSS:3.1/AV:L/AC:L/PR:H/UI:N/S:C/C:H/I:H/A:H',
        'High',
        'NULL ptr deref in hypervisor, NVD record',
        'https://nvd.example.internal/CVE-0000-20002',
        1,
        1
    ),
    (
        22,
        18,
        2,
        'GHSA-2024-20003',
        'CVSS:3.1/AV:L/AC:L/PR:L/UI:N/S:C/C:H/I:H/A:H',
        'High',
        'Container escape via cgroup, GHSA record',
        'https://ghsa.example.internal/GHSA-2024-20003',
        1,
        1
    ),
    (
        23,
        19,
        1,
        'CVE-0000-20004',
        'CVSS:3.1/AV:N/AC:L/PR:N/UI:N/S:U/C:H/I:H/A:N',
        'Critical',
        'LDAP injection in IdP, NVD record',
        'https://nvd.example.internal/CVE-0000-20004',
        1,
        1
    ),
    (
        24,
        20,
        2,
        'GHSA-2024-20005',
        'CVSS:3.1/AV:N/AC:L/PR:N/UI:R/S:C/C:L/I:L/A:N',
        'Medium',
        'Open redirect in OAuth2, GHSA record',
        'https://ghsa.example.internal/GHSA-2024-20005',
        1,
        1
    ),
    (
        25,
        21,
        1,
        'CVE-0000-20006',
        'CVSS:3.1/AV:N/AC:L/PR:N/UI:R/S:U/C:L/I:N/A:N',
        'Low',
        'Reflected file download, NVD record',
        'https://nvd.example.internal/CVE-0000-20006',
        1,
        1
    ),
    (
        26,
        22,
        2,
        'GHSA-2024-20007',
        'CVSS:3.1/AV:N/AC:L/PR:N/UI:N/S:U/C:L/I:L/A:N',
        'Medium',
        'Prototype pollution in JS config, GHSA record',
        'https://ghsa.example.internal/GHSA-2024-20007',
        1,
        1
    ),
    (
        27,
        23,
        1,
        'CVE-0000-20008',
        'CVSS:3.1/AV:N/AC:L/PR:N/UI:N/S:U/C:N/I:N/A:H',
        'High',
        'DoS via malformed gzip, NVD record',
        'https://nvd.example.internal/CVE-0000-20008',
        1,
        1
    ),
    (
        28,
        24,
        1,
        'CVE-0000-20009',
        'CVSS:3.1/AV:N/AC:L/PR:L/UI:N/S:U/C:H/I:N/A:N',
        'Medium',
        'IDOR in resource API, NVD record',
        'https://nvd.example.internal/CVE-0000-20009',
        1,
        1
    ),
    (
        29,
        25,
        2,
        'GHSA-2024-20010',
        'CVSS:3.1/AV:N/AC:L/PR:N/UI:N/S:U/C:H/I:H/A:N',
        'Critical',
        'Hard-coded key material, GHSA record',
        'https://ghsa.example.internal/GHSA-2024-20010',
        1,
        1
    ),
    (
        30,
        26,
        1,
        'CVE-0000-30001',
        'CVSS:3.1/AV:N/AC:L/PR:N/UI:N/S:U/C:H/I:H/A:H',
        'Critical',
        'RCE in YAML deserialization, NVD record',
        'https://nvd.example.internal/CVE-0000-30001',
        1,
        1
    ),
    (
        31,
        27,
        3,
        'RHSA-2023-30002',
        'CVSS:3.1/AV:N/AC:L/PR:N/UI:N/S:U/C:N/I:N/A:H',
        'High',
        'Heap overflow in DNS parsing, RHSA record',
        'https://rhsa.example.internal/RHSA-2023-30002',
        1,
        1
    ),
    (
        32,
        28,
        1,
        'CVE-0000-30003',
        'CVSS:3.1/AV:N/AC:H/PR:N/UI:N/S:U/C:H/I:H/A:N',
        'High',
        'Improper cert validation, NVD record',
        'https://nvd.example.internal/CVE-0000-30003',
        1,
        1
    ),
    (
        33,
        29,
        2,
        'GHSA-2023-30004',
        'CVSS:3.1/AV:N/AC:H/PR:N/UI:N/S:U/C:H/I:N/A:N',
        'Medium',
        'Timing side-channel in crypto, GHSA record',
        'https://ghsa.example.internal/GHSA-2023-30004',
        1,
        1
    ),
    (
        34,
        30,
        1,
        'CVE-0000-30005',
        'CVSS:3.1/AV:N/AC:L/PR:N/UI:N/S:U/C:H/I:H/A:N',
        'Critical',
        'Insufficient entropy in UUID gen, NVD record',
        'https://nvd.example.internal/CVE-0000-30005',
        1,
        1
    ),
    (
        35,
        31,
        2,
        'GHSA-2023-40001',
        'CVSS:3.1/AV:N/AC:L/PR:N/UI:N/S:U/C:H/I:H/A:N',
        'Critical',
        'Arbitrary file write via tar traversal, GHSA record',
        'https://ghsa.example.internal/GHSA-2023-40001',
        1,
        1
    ),
    (
        36,
        32,
        1,
        'CVE-0000-40002',
        'CVSS:3.1/AV:N/AC:L/PR:L/UI:N/S:C/C:H/I:H/A:H',
        'Critical',
        'SSTI in report generation, NVD record',
        'https://nvd.example.internal/CVE-0000-40002',
        1,
        1
    ),
    (
        37,
        33,
        5,
        'CC-2023-40003',
        'CVSS:3.1/AV:N/AC:L/PR:L/UI:N/S:U/C:H/I:H/A:N',
        'High',
        'Broken access control, CC-Advisory record',
        'https://cc-advisory.example.internal/CC-2023-40003',
        1,
        1
    ),
    (
        38,
        34,
        1,
        'CVE-0000-40004',
        'CVSS:3.1/AV:N/AC:L/PR:N/UI:N/S:U/C:L/I:N/A:N',
        'Medium',
        'Unauthenticated metrics exposure, NVD record',
        'https://nvd.example.internal/CVE-0000-40004',
        1,
        1
    ),
    (
        39,
        35,
        2,
        'GHSA-2023-40005',
        'CVSS:3.1/AV:N/AC:L/PR:N/UI:N/S:C/C:H/I:H/A:H',
        'Critical',
        'K8s API anon auth bypass, GHSA record',
        'https://ghsa.example.internal/GHSA-2023-40005',
        1,
        1
    ),
    (
        40,
        36,
        5,
        'CC-POL-2024-0001',
        'CVSS:3.1/AV:L/AC:L/PR:L/UI:N/S:U/C:H/I:H/A:H',
        'High',
        'Container running as root, CC-Advisory record',
        'https://cc-advisory.example.internal/CC-POL-2024-0001',
        1,
        1
    ),
    (
        41,
        37,
        5,
        'CC-POL-2024-0002',
        'CVSS:3.1/AV:N/AC:H/PR:N/UI:N/S:U/C:H/I:H/A:N',
        'High',
        'Image tag substitution risk, CC-Advisory record',
        'https://cc-advisory.example.internal/CC-POL-2024-0002',
        1,
        1
    ),
    (
        42,
        38,
        5,
        'CC-POL-2024-0003',
        'CVSS:3.1/AV:L/AC:L/PR:L/UI:N/S:U/C:H/I:N/A:N',
        'Medium',
        'Secret in env var, CC-Advisory record',
        'https://cc-advisory.example.internal/CC-POL-2024-0003',
        1,
        1
    ),
    (
        43,
        39,
        5,
        'CC-POL-2024-0004',
        'CVSS:3.1/AV:N/AC:L/PR:N/UI:N/S:U/C:L/I:L/A:N',
        'Medium',
        'Missing NetworkPolicy, CC-Advisory record',
        'https://cc-advisory.example.internal/CC-POL-2024-0004',
        1,
        1
    ),
    (
        44,
        40,
        5,
        'CC-POL-2024-0005',
        'CVSS:3.1/AV:N/AC:L/PR:N/UI:N/S:U/C:N/I:N/A:H',
        'High',
        'Missing PDB on critical workload, CC-Advisory record',
        'https://cc-advisory.example.internal/CC-POL-2024-0005',
        1,
        1
    ),
    (
        45,
        41,
        5,
        'CC-POL-2024-0006',
        'CVSS:3.1/AV:N/AC:L/PR:N/UI:N/S:U/C:N/I:N/A:H',
        'High',
        'No resource limits, CC-Advisory record',
        'https://cc-advisory.example.internal/CC-POL-2024-0006',
        1,
        1
    ),
    (
        46,
        42,
        5,
        'CC-POL-2024-0007',
        'CVSS:3.1/AV:L/AC:L/PR:L/UI:N/S:C/C:H/I:H/A:H',
        'High',
        'cluster-admin binding not justified, CC-Advisory record',
        'https://cc-advisory.example.internal/CC-POL-2024-0007',
        1,
        1
    ),
    (
        47,
        43,
        5,
        'CC-POL-2023-0001',
        'CVSS:3.1/AV:L/AC:L/PR:H/UI:N/S:U/C:H/I:H/A:N',
        'Medium',
        'Host path mount in production, CC-Advisory record',
        'https://cc-advisory.example.internal/CC-POL-2023-0001',
        1,
        1
    ),
    (
        48,
        44,
        5,
        'CC-POL-2023-0002',
        'CVSS:3.1/AV:N/AC:L/PR:N/UI:N/S:U/C:N/I:N/A:L',
        'Low',
        'Missing liveness probe, CC-Advisory record',
        'https://cc-advisory.example.internal/CC-POL-2023-0002',
        1,
        1
    ),
    (
        49,
        45,
        5,
        'CC-POL-2023-0003',
        'CVSS:3.1/AV:N/AC:L/PR:N/UI:N/S:U/C:L/I:L/A:N',
        'Medium',
        'TLS 1.1 still accepted, CC-Advisory record',
        'https://cc-advisory.example.internal/CC-POL-2023-0003',
        1,
        1
    ),
    (
        50,
        46,
        5,
        'CC-EVT-2024-0001',
        'CVSS:3.1/AV:N/AC:L/PR:N/UI:N/S:U/C:H/I:N/A:N',
        'High',
        'Anomalous outbound connection, CC-Advisory record',
        'https://cc-advisory.example.internal/CC-EVT-2024-0001',
        1,
        1
    ),
    (
        51,
        47,
        5,
        'CC-EVT-2024-0002',
        'CVSS:3.1/AV:L/AC:L/PR:L/UI:N/S:U/C:H/I:H/A:N',
        'High',
        'Multiple failed sudo attempts, CC-Advisory record',
        'https://cc-advisory.example.internal/CC-EVT-2024-0002',
        1,
        1
    ),
    (
        52,
        48,
        5,
        'CC-EVT-2024-0003',
        'CVSS:3.1/AV:L/AC:L/PR:H/UI:N/S:C/C:H/I:H/A:H',
        'High',
        'Unexpected privileged container, CC-Advisory record',
        'https://cc-advisory.example.internal/CC-EVT-2024-0003',
        1,
        1
    ),
    (
        53,
        49,
        5,
        'CC-EVT-2024-0004',
        'CVSS:3.1/AV:N/AC:L/PR:H/UI:N/S:U/C:L/I:H/A:N',
        'Medium',
        'Config drift: FW rule removed, CC-Advisory record',
        'https://cc-advisory.example.internal/CC-EVT-2024-0004',
        1,
        1
    ),
    (
        54,
        50,
        5,
        'CC-EVT-2023-0001',
        'CVSS:3.1/AV:N/AC:L/PR:N/UI:N/S:U/C:H/I:N/A:N',
        'High',
        'Credential stuffing on IdP, CC-Advisory record',
        'https://cc-advisory.example.internal/CC-EVT-2023-0001',
        1,
        1
    ),
    (
        55,
        4,
        3,
        'RHSA-2024-10004',
        'CVSS:3.1/AV:N/AC:L/PR:L/UI:N/S:U/C:H/I:N/A:N',
        'Medium',
        'Path traversal, RHSA record',
        'https://rhsa.example.internal/RHSA-2024-10004',
        1,
        1
    ),
    (
        56,
        5,
        3,
        'RHSA-2024-10005',
        'CVSS:3.1/AV:N/AC:L/PR:N/UI:N/S:U/C:N/I:N/A:H',
        'High',
        'Buffer overflow DoS, RHSA record',
        'https://rhsa.example.internal/RHSA-2024-10005',
        1,
        1
    ),
    (
        57,
        15,
        3,
        'RHSA-2024-10015',
        'CVSS:3.1/AV:N/AC:L/PR:N/UI:N/S:U/C:N/I:N/A:H',
        'High',
        'Uncontrolled resource consumption, RHSA record',
        'https://rhsa.example.internal/RHSA-2024-10015',
        1,
        1
    ),
    (
        58,
        23,
        3,
        'RHSA-2024-20008',
        'CVSS:3.1/AV:N/AC:L/PR:N/UI:N/S:U/C:N/I:N/A:H',
        'High',
        'DoS via malformed gzip, RHSA record',
        'https://rhsa.example.internal/RHSA-2024-20008',
        1,
        1
    ),
    (
        59,
        27,
        1,
        'CVE-0000-30002',
        'CVSS:3.1/AV:N/AC:L/PR:N/UI:N/S:U/C:N/I:N/A:H',
        'High',
        'Heap overflow in DNS parsing, NVD record',
        'https://nvd.example.internal/CVE-0000-30002',
        1,
        1
    ),
    (
        60,
        33,
        1,
        'CVE-0000-40003',
        'CVSS:3.1/AV:N/AC:L/PR:L/UI:N/S:U/C:H/I:H/A:N',
        'High',
        'Broken access control, NVD record',
        'https://nvd.example.internal/CVE-0000-40003',
        1,
        1
    );

INSERT INTO
    ComponentVersionIssue (
        componentversionissue_component_version_id,
        componentversionissue_issue_id
    )
VALUES (1, 1),
    (1, 5),
    (1, 15),
    (1, 23),
    (2, 1),
    (2, 5),
    (3, 3),
    (3, 6),
    (3, 19),
    (3, 33),
    (4, 3),
    (4, 6),
    (5, 7),
    (5, 9),
    (5, 19),
    (5, 50),
    (6, 7),
    (7, 4),
    (7, 8),
    (7, 31),
    (8, 10),
    (8, 13),
    (8, 24),
    (9, 2),
    (9, 15),
    (9, 27),
    (10, 2),
    (10, 15),
    (11, 15),
    (11, 23),
    (11, 27),
    (12, 18),
    (12, 35),
    (13, 18),
    (13, 26),
    (14, 16),
    (14, 17),
    (15, 27),
    (15, 34),
    (16, 11),
    (16, 20),
    (17, 12),
    (17, 28),
    (18, 13),
    (18, 25),
    (19, 14),
    (19, 30),
    (20, 14),
    (21, 22),
    (21, 29),
    (22, 22),
    (23, 16),
    (23, 17),
    (23, 36),
    (23, 43),
    (23, 45),
    (24, 16),
    (24, 36),
    (25, 16),
    (25, 17),
    (25, 43),
    (25, 45),
    (26, 39),
    (26, 42),
    (27, 8),
    (27, 31),
    (28, 15),
    (28, 23),
    (29, 10),
    (29, 34),
    (30, 18),
    (30, 35),
    (31, 18),
    (31, 35),
    (32, 32),
    (32, 33),
    (33, 28),
    (33, 34),
    (34, 28),
    (35, 24),
    (35, 33),
    (36, 39),
    (36, 42),
    (37, 4),
    (37, 8),
    (38, 8),
    (38, 23),
    (39, 9),
    (39, 25),
    (40, 6),
    (40, 16),
    (1, 36),
    (1, 46),
    (3, 40),
    (3, 45),
    (5, 14),
    (5, 20),
    (5, 23),
    (5, 28),
    (5, 30),
    (6, 9),
    (6, 13),
    (6, 14),
    (6, 19),
    (6, 20),
    (6, 50),
    (7, 5),
    (8, 12),
    (8, 31),
    (9, 21),
    (9, 26),
    (9, 34),
    (9, 44),
    (10, 26),
    (11, 44),
    (12, 25),
    (12, 41),
    (13, 25),
    (16, 5),
    (16, 45),
    (19, 21),
    (19, 24),
    (19, 36),
    (21, 26),
    (21, 38),
    (22, 38),
    (24, 17),
    (25, 48),
    (26, 31),
    (26, 35),
    (26, 36),
    (26, 40),
    (26, 41),
    (27, 15),
    (28, 34),
    (30, 11),
    (30, 29),
    (30, 32),
    (30, 33),
    (32, 29),
    (33, 23),
    (33, 33),
    (34, 33),
    (35, 37),
    (37, 27),
    (39, 13),
    (39, 29),
    (40, 8),
    (40, 49);

INSERT INTO
    ComponentInstance (
        componentinstance_id,
        componentinstance_ccrn,
        componentinstance_region,
        componentinstance_cluster,
        componentinstance_namespace,
        componentinstance_domain,
        componentinstance_project,
        componentinstance_pod,
        componentinstance_container,
        componentinstance_type,
        componentinstance_count,
        componentinstance_component_version_id,
        componentinstance_service_id,
        componentinstance_created_by,
        componentinstance_updated_by
    )
VALUES (
        1,
        'ccrn: apiVersion=k8s-registry.example.internal/v1, kind=container, cluster=region-a-master, namespace=compute-svc-production, name=vm-engine-7f4d9',
        'region-a',
        'region-a-master',
        'compute-svc-production',
        'compute',
        'compute-svc',
        '3fa2b1c0-9e8d-4a7f',
        'vm-engine',
        'Container',
        3,
        1,
        14,
        1,
        1
    ),
    (
        2,
        'ccrn: apiVersion=k8s-registry.example.internal/v1, kind=container, cluster=region-a-master, namespace=compute-svc-production, name=vm-conductor-8g5e0',
        'region-a',
        'region-a-master',
        'compute-svc-production',
        'compute',
        'compute-svc',
        '4gb3c2d1-0f9e-5b80',
        'vm-conductor',
        'Container',
        2,
        2,
        14,
        1,
        1
    ),
    (
        3,
        'ccrn: apiVersion=k8s-registry.example.internal/v1, kind=container, cluster=region-a-master, namespace=sdn-svc-production, name=sdn-engine-9h6f1',
        'region-a',
        'region-a-master',
        'sdn-svc-production',
        'networking',
        'sdn-svc',
        '5hc4d3e2-1g0f-6c91',
        'sdn-engine',
        'Container',
        2,
        3,
        41,
        1,
        1
    ),
    (
        4,
        'ccrn: apiVersion=k8s-registry.example.internal/v1, kind=container, cluster=region-b-master, namespace=sdn-svc-production, name=sdn-agent-0i7g2',
        'region-b',
        'region-b-master',
        'sdn-svc-production',
        'networking',
        'sdn-svc',
        '6id5e4f3-2h1g-7da2',
        'sdn-agent',
        'Container',
        4,
        4,
        41,
        1,
        1
    ),
    (
        5,
        'ccrn: apiVersion=k8s-registry.example.internal/v1, kind=container, cluster=region-a-master, namespace=auth-svc-production, name=auth-api-1j8h3',
        'region-a',
        'region-a-master',
        'auth-svc-production',
        'identity',
        'auth-svc',
        '7je6f5g4-3i2h-8eb3',
        'auth-api',
        'Container',
        3,
        5,
        28,
        1,
        1
    ),
    (
        6,
        'ccrn: apiVersion=k8s-registry.example.internal/v1, kind=container, cluster=region-b-master, namespace=auth-svc-production, name=auth-api-2k9i4',
        'region-b',
        'region-b-master',
        'auth-svc-production',
        'identity',
        'auth-svc',
        '8kf7g6h5-4j3i-9fc4',
        'auth-api',
        'Container',
        3,
        6,
        28,
        1,
        1
    ),
    (
        7,
        'ccrn: apiVersion=k8s-registry.example.internal/v1, kind=container, cluster=region-a-master, namespace=block-svc-production, name=cinder-api-3l0j5',
        'region-a',
        'region-a-master',
        'block-svc-production',
        'storage',
        'cinder',
        '9lg8h7i6-5k4j-0gd5',
        'cinder-api',
        'Container',
        2,
        7,
        13,
        1,
        1
    ),
    (
        8,
        'ccrn: apiVersion=k8s-registry.example.internal/v1, kind=container, cluster=region-a-master, namespace=img-svc-production, name=glance-api-4m1k6',
        'region-a',
        'region-a-master',
        'img-svc-production',
        'compute',
        'glance',
        '0mh9i8j7-6l5k-1he6',
        'glance-api',
        'Container',
        2,
        8,
        20,
        1,
        1
    ),
    (
        9,
        'ccrn: apiVersion=k8s-registry.example.internal/v1, kind=container, cluster=region-a-master, namespace=monitoring, name=metric-srv-5n2l7',
        'region-a',
        'region-a-master',
        'monitoring',
        'observability',
        'prom-svc',
        '1ni0j9k8-7m6l-2if7',
        'prom-svc',
        'Container',
        1,
        9,
        45,
        1,
        1
    ),
    (
        10,
        'ccrn: apiVersion=k8s-registry.example.internal/v1, kind=container, cluster=region-b-master, namespace=monitoring, name=metric-srv-6o3m8',
        'region-b',
        'region-b-master',
        'monitoring',
        'observability',
        'prom-svc',
        '2oj1k0l9-8n7m-3jg8',
        'prom-svc',
        'Container',
        1,
        10,
        45,
        1,
        1
    ),
    (
        11,
        'ccrn: apiVersion=k8s-registry.example.internal/v1, kind=container, cluster=region-a-master, namespace=monitoring, name=alarm-agent-7p4n9',
        'region-a',
        'region-a-master',
        'monitoring',
        'observability',
        'alarm-agent',
        '3pk2l1m0-9o8n-4kh9',
        'alarm-agent',
        'Container',
        1,
        11,
        3,
        1,
        1
    ),
    (
        12,
        'ccrn: apiVersion=k8s-registry.example.internal/v1, kind=container, cluster=region-a-master, namespace=kube-system, name=orch-api-8q5o0',
        'region-a',
        'region-a-master',
        'kube-system',
        'platform',
        'k8s',
        '4ql3m2n1-0p9o-5li0',
        'orch-api',
        'Container',
        1,
        12,
        26,
        1,
        1
    ),
    (
        13,
        'ccrn: apiVersion=k8s-registry.example.internal/v1, kind=container, cluster=region-b-master, namespace=kube-system, name=orch-api-9r6p1',
        'region-b',
        'region-b-master',
        'kube-system',
        'platform',
        'k8s',
        '5rm4n3o2-1q0p-6mj1',
        'orch-api',
        'Container',
        1,
        13,
        26,
        1,
        1
    ),
    (
        14,
        'ccrn: apiVersion=k8s-registry.example.internal/v1, kind=container, cluster=region-a-master, namespace=kube-system, name=etcd-0s7q2',
        'region-a',
        'region-a-master',
        'kube-system',
        'platform',
        'k8s',
        '6sn5o4p3-2r1q-7nk2',
        'etcd',
        'Container',
        3,
        14,
        26,
        1,
        1
    ),
    (
        15,
        'ccrn: apiVersion=k8s-registry.example.internal/v1, kind=container, cluster=region-a-master, namespace=kube-system, name=coredns-1t8r3',
        'region-a',
        'region-a-master',
        'kube-system',
        'platform',
        'k8s',
        '7to6p5q4-3s2r-8ol3',
        'coredns',
        'Container',
        2,
        15,
        26,
        1,
        1
    ),
    (
        16,
        'ccrn: apiVersion=k8s-registry.example.internal/v1, kind=container, cluster=region-a-master, namespace=ingress-ctrl, name=ingress-proxy-2u9s4',
        'region-a',
        'region-a-master',
        'ingress-ctrl',
        'networking',
        'network',
        '8up7q6r5-4t3s-9pm4',
        'ingress-proxy',
        'Container',
        2,
        16,
        40,
        1,
        1
    ),
    (
        17,
        'ccrn: apiVersion=k8s-registry.example.internal/v1, kind=container, cluster=region-a-master, namespace=cert-ctrl, name=cert-ctrl-3v0t5',
        'region-a',
        'region-a-master',
        'cert-ctrl',
        'security',
        'certificates',
        '9vq8r7s6-5u4t-0qn5',
        'cert-ctrl',
        'Container',
        1,
        17,
        12,
        1,
        1
    ),
    (
        18,
        'ccrn: apiVersion=k8s-registry.example.internal/v1, kind=container, cluster=region-b-master, namespace=secret-mgr-system, name=secret-mgr-0-4w1u6',
        'region-b',
        'region-b-master',
        'secret-mgr-system',
        'security',
        'key-svc',
        '0wr9s8t7-6v5u-1ro6',
        'secret-mgr',
        'Container',
        3,
        18,
        9,
        1,
        1
    ),
    (
        19,
        'ccrn: apiVersion=k8s-registry.example.internal/v1, kind=container, cluster=region-a-master, namespace=database-production, name=sql-db-primary-5x2v7',
        'region-a',
        'region-a-master',
        'database-production',
        'storage',
        'compute-svc',
        '1xs0t9u8-7w6v-2sp7',
        'sql-db',
        'Container',
        1,
        19,
        14,
        1,
        1
    ),
    (
        20,
        'ccrn: apiVersion=k8s-registry.example.internal/v1, kind=container, cluster=region-a-master, namespace=database-production, name=sql-db-replica-6y3w8',
        'region-a',
        'region-a-master',
        'database-production',
        'storage',
        'compute-svc',
        '2yt1u0v9-8x7w-3tq8',
        'sql-db',
        'Container',
        2,
        20,
        14,
        1,
        1
    ),
    (
        21,
        'ccrn: apiVersion=k8s-registry.example.internal/v1, kind=container, cluster=region-a-master, namespace=cache-production, name=cache-db-master-7z4x9',
        'region-a',
        'region-a-master',
        'cache-production',
        'platform',
        'patch-ctrl',
        '3zu2v1w0-9y8x-4ur9',
        'cache-db',
        'Container',
        1,
        21,
        11,
        1,
        1
    ),
    (
        22,
        'ccrn: apiVersion=k8s-registry.example.internal/v1, kind=container, cluster=region-b-master, namespace=cache-production, name=cache-db-replica-8a5y0',
        'region-b',
        'region-b-master',
        'cache-production',
        'platform',
        'patch-ctrl',
        '4av3w2x1-0z9y-5vs0',
        'cache-db',
        'Container',
        2,
        21,
        11,
        1,
        1
    ),
    (
        23,
        'ccrn: apiVersion=k8s-registry.example.internal/v1, kind=container, cluster=region-a-master, namespace=messaging, name=msg-broker-0-9b6z1',
        'region-a',
        'region-a-master',
        'messaging',
        'platform',
        'compute-svc',
        '5bw4x3y2-1a0z-6wt1',
        'msg-broker',
        'Container',
        3,
        22,
        14,
        1,
        1
    ),
    (
        24,
        'ccrn: apiVersion=k8s-registry.example.internal/v1, kind=server, cluster=region-a-hardware, namespace=compute-nodes, name=compute-node-001',
        'region-a',
        'region-a-hardware',
        'compute-nodes',
        'compute',
        'bare-svc',
        '6cx5y4z3-2b1a-7xu2',
        'node-agent',
        'Server',
        1,
        23,
        10,
        1,
        1
    ),
    (
        25,
        'ccrn: apiVersion=k8s-registry.example.internal/v1, kind=server, cluster=region-a-hardware, namespace=compute-nodes, name=compute-node-002',
        'region-a',
        'region-a-hardware',
        'compute-nodes',
        'compute',
        'bare-svc',
        '7dy6z5a4-3c2b-8yv3',
        'node-agent',
        'Server',
        1,
        24,
        10,
        1,
        1
    ),
    (
        26,
        'ccrn: apiVersion=k8s-registry.example.internal/v1, kind=server, cluster=region-b-hardware, namespace=compute-nodes, name=compute-node-003',
        'region-b',
        'region-b-hardware',
        'compute-nodes',
        'compute',
        'bare-svc',
        '8ez7a6b5-4d3c-9zw4',
        'node-agent',
        'Server',
        1,
        25,
        10,
        1,
        1
    ),
    (
        27,
        'ccrn: apiVersion=k8s-registry.example.internal/v1, kind=container, cluster=region-a-master, namespace=policy-svc-system, name=policy-ctrl-0a1a2',
        'region-a',
        'region-a-master',
        'policy-svc-system',
        'security',
        'policy-svc',
        '9fa8b7c6-5e4d-0ax5',
        'policy-svc',
        'Container',
        1,
        26,
        19,
        1,
        1
    ),
    (
        28,
        'ccrn: apiVersion=k8s-registry.example.internal/v1, kind=container, cluster=region-a-master, namespace=obj-svc-production, name=swift-proxy-1b2b3',
        'region-a',
        'region-a-master',
        'obj-svc-production',
        'storage',
        'swift',
        '0gb9c8d7-6f5e-1by6',
        'swift-proxy',
        'Container',
        2,
        27,
        52,
        1,
        1
    ),
    (
        29,
        'ccrn: apiVersion=k8s-registry.example.internal/v1, kind=container, cluster=region-a-master, namespace=logging, name=log-fwd-2c3c4',
        'region-a',
        'region-a-master',
        'logging',
        'observability',
        'metrics',
        '1hc0d9e8-7g6f-2cz7',
        'log-fwd',
        'Container',
        3,
        28,
        36,
        1,
        1
    ),
    (
        30,
        'ccrn: apiVersion=k8s-registry.example.internal/v1, kind=container, cluster=region-a-master, namespace=monitoring, name=dash-board-3d4d5',
        'region-a',
        'region-a-master',
        'monitoring',
        'observability',
        'metrics',
        '2id1e0f9-8h7g-3da8',
        'dash-board',
        'Container',
        1,
        29,
        36,
        1,
        1
    ),
    (
        31,
        'ccrn: apiVersion=k8s-registry.example.internal/v1, kind=container, cluster=region-b-master, namespace=monitoring, name=dash-board-4e5e6',
        'region-b',
        'region-b-master',
        'monitoring',
        'observability',
        'metrics',
        '3je2f1g0-9i8h-4eb9',
        'dash-board',
        'Container',
        1,
        29,
        36,
        1,
        1
    ),
    (
        32,
        'ccrn: apiVersion=k8s-registry.example.internal/v1, kind=container, cluster=region-a-master, namespace=network-infra, name=net-agent-5f6f7',
        'region-a',
        'region-a-master',
        'network-infra',
        'networking',
        'network',
        '4kf3g2h1-0j9i-5fc0',
        'net-agent',
        'Container',
        5,
        30,
        40,
        1,
        1
    ),
    (
        33,
        'ccrn: apiVersion=k8s-registry.example.internal/v1, kind=container, cluster=region-b-master, namespace=network-infra, name=net-agent-6g7g8',
        'region-b',
        'region-b-master',
        'network-infra',
        'networking',
        'network',
        '5lg4h3i2-1k0j-6gd1',
        'net-agent',
        'Container',
        5,
        30,
        40,
        1,
        1
    ),
    (
        34,
        'ccrn: apiVersion=k8s-registry.example.internal/v1, kind=container, cluster=region-a-master, namespace=deploy-ctrl, name=deploy-ctrl-server-7h8h9',
        'region-a',
        'region-a-master',
        'deploy-ctrl',
        'ci-cd',
        'build-svc',
        '6mh5i4j3-2l1k-7he2',
        'deploy-ctrl-server',
        'Container',
        1,
        32,
        15,
        1,
        1
    ),
    (
        35,
        'ccrn: apiVersion=k8s-registry.example.internal/v1, kind=container, cluster=region-a-master, namespace=logging, name=search-engine-8i9i0',
        'region-a',
        'region-a-master',
        'logging',
        'observability',
        'metrics',
        '7ni6j5k4-3m2l-8if3',
        'search-engine',
        'Container',
        3,
        33,
        36,
        1,
        1
    ),
    (
        36,
        'ccrn: apiVersion=k8s-registry.example.internal/v1, kind=container, cluster=region-b-master, namespace=logging, name=search-engine-9j0j1',
        'region-b',
        'region-b-master',
        'logging',
        'observability',
        'metrics',
        '8oj7k6l5-4n3m-9jg4',
        'search-engine',
        'Container',
        3,
        34,
        36,
        1,
        1
    ),
    (
        37,
        'ccrn: apiVersion=k8s-registry.example.internal/v1, kind=container, cluster=region-a-master, namespace=reg-svc-production, name=img-repo-core-0k1k2',
        'region-a',
        'region-a-master',
        'reg-svc-production',
        'platform',
        'reg-svc',
        '9pk8l7m6-5o4n-0kh5',
        'img-repo-core',
        'Container',
        1,
        35,
        27,
        1,
        1
    ),
    (
        38,
        'ccrn: apiVersion=k8s-registry.example.internal/v1, kind=container, cluster=region-a-master, namespace=policy-system, name=policy-agent-1l2l3',
        'region-a',
        'region-a-master',
        'policy-system',
        'security',
        'policy-svc',
        '0ql9m8n7-6p5o-1li6',
        'policy-agent',
        'Container',
        1,
        36,
        19,
        1,
        1
    ),
    (
        39,
        'ccrn: apiVersion=k8s-registry.example.internal/v1, kind=container, cluster=region-a-master, namespace=metal-svc-production, name=metal-api-2m3m4',
        'region-a',
        'region-a-master',
        'metal-svc-production',
        'compute',
        'metal-svc',
        '1rm0n9o8-7q6p-2mj7',
        'metal-api',
        'Container',
        2,
        37,
        25,
        1,
        1
    ),
    (
        40,
        'ccrn: apiVersion=k8s-registry.example.internal/v1, kind=container, cluster=region-b-master, namespace=share-svc-production, name=fileshare-api-3n4n5',
        'region-b',
        'region-b-master',
        'share-svc-production',
        'storage',
        'share-svc',
        '2sn1o0p9-8r7q-3nk8',
        'fileshare-api',
        'Container',
        2,
        38,
        35,
        1,
        1
    ),
    (
        41,
        'ccrn: apiVersion=k8s-registry.example.internal/v1, kind=container, cluster=region-a-master, namespace=key-svc-production, name=key-api-4o5o6',
        'region-a',
        'region-a-master',
        'key-svc-production',
        'security',
        'key-svc',
        '3to2p1q0-9s8r-4ol9',
        'key-api',
        'Container',
        2,
        39,
        9,
        1,
        1
    ),
    (
        42,
        'ccrn: apiVersion=k8s-registry.example.internal/v1, kind=container, cluster=region-a-master, namespace=dns-svc-production, name=dns-api-5p6p7',
        'region-a',
        'region-a-master',
        'dns-svc-production',
        'networking',
        'dns-svc',
        '4up3q2r1-0t9s-5pm0',
        'dns-api',
        'Container',
        2,
        40,
        16,
        1,
        1
    ),
    (
        43,
        'ccrn: apiVersion=k8s-registry.example.internal/v1, kind=container, cluster=region-a-master, namespace=compute-svc-production, name=vm-scheduler-6q7q8',
        'region-a',
        'region-a-master',
        'compute-svc-production',
        'compute',
        'compute-svc',
        '5vq4r3s2-1u0t-6qn1',
        'vm-scheduler',
        'Container',
        1,
        1,
        43,
        1,
        1
    ),
    (
        44,
        'ccrn: apiVersion=k8s-registry.example.internal/v1, kind=container, cluster=region-b-master, namespace=compute-svc-production, name=vm-engine-7r8r9',
        'region-b',
        'region-b-master',
        'compute-svc-production',
        'compute',
        'compute-svc',
        '6wr5s4t3-2v1u-7ro2',
        'vm-engine',
        'Container',
        4,
        1,
        43,
        1,
        1
    ),
    (
        45,
        'ccrn: apiVersion=k8s-registry.example.internal/v1, kind=container, cluster=region-a-master, namespace=lb-svc-production, name=lb-api-8s9s0',
        'region-a',
        'region-a-master',
        'lb-svc-production',
        'networking',
        'lb-svc',
        '7xs6t5u4-3w2v-8sp3',
        'lb-api',
        'Container',
        2,
        3,
        44,
        1,
        1
    ),
    (
        46,
        'ccrn: apiVersion=k8s-registry.example.internal/v1, kind=container, cluster=region-a-master, namespace=sdn-svc-production, name=sdn-dhcp-9t0t1',
        'region-a',
        'region-a-master',
        'sdn-svc-production',
        'networking',
        'sdn-svc',
        '8yt7u6v5-4x3w-9tq4',
        'sdn-dhcp',
        'Container',
        2,
        3,
        41,
        1,
        1
    ),
    (
        47,
        'ccrn: apiVersion=k8s-registry.example.internal/v1, kind=container, cluster=region-a-master, namespace=img-svc-production, name=glance-registry-0u1u2',
        'region-a',
        'region-a-master',
        'img-svc-production',
        'compute',
        'glance',
        '9zu8v7w6-5y4x-0ur5',
        'glance-registry',
        'Container',
        1,
        8,
        20,
        1,
        1
    ),
    (
        48,
        'ccrn: apiVersion=k8s-registry.example.internal/v1, kind=container, cluster=region-b-master, namespace=kube-system, name=etcd-1v2v3',
        'region-b',
        'region-b-master',
        'kube-system',
        'platform',
        'k8s',
        '0av9w8x7-6z5y-1vs6',
        'etcd',
        'Container',
        3,
        14,
        26,
        1,
        1
    ),
    (
        49,
        'ccrn: apiVersion=k8s-registry.example.internal/v1, kind=container, cluster=region-a-master, namespace=kube-system, name=orch-controller-2w3w4',
        'region-a',
        'region-a-master',
        'kube-system',
        'platform',
        'k8s',
        '1bw0x9y8-7a6z-2wt7',
        'orch-controller',
        'Container',
        1,
        12,
        26,
        1,
        1
    ),
    (
        50,
        'ccrn: apiVersion=k8s-registry.example.internal/v1, kind=container, cluster=region-a-master, namespace=quota-svc-production, name=quota-api-3x4x5',
        'region-a',
        'region-a-master',
        'quota-svc-production',
        'platform',
        'quota-svc',
        '2cx1y0z9-8b7a-3xu8',
        'quota-api',
        'Container',
        2,
        5,
        32,
        1,
        1
    );

INSERT INTO
    IssueMatch (
        issuematch_id,
        issuematch_status,
        issuematch_issue_id,
        issuematch_component_instance_id,
        issuematch_user_id,
        issuematch_vector,
        issuematch_rating,
        issuematch_remediation_date,
        issuematch_target_remediation_date,
        issuematch_created_by,
        issuematch_updated_by
    )
VALUES (
        1,
        'new',
        1,
        1,
        28,
        'CVSS:3.1/AV:N/AC:L/PR:N/UI:N/S:C/C:H/I:H/A:H',
        'Critical',
        NULL,
        '2025-03-01 00:00:00',
        1,
        1
    ),
    (
        2,
        'new',
        1,
        2,
        28,
        'CVSS:3.1/AV:N/AC:L/PR:N/UI:N/S:C/C:H/I:H/A:H',
        'Critical',
        NULL,
        '2025-03-01 00:00:00',
        1,
        1
    ),
    (
        3,
        'mitigated',
        1,
        43,
        29,
        'CVSS:3.1/AV:N/AC:L/PR:N/UI:N/S:C/C:H/I:H/A:H',
        'Critical',
        '2024-11-15 00:00:00',
        '2025-01-01 00:00:00',
        1,
        1
    ),
    (
        4,
        'new',
        1,
        44,
        29,
        'CVSS:3.1/AV:N/AC:L/PR:N/UI:N/S:C/C:H/I:H/A:H',
        'Critical',
        NULL,
        '2025-03-15 00:00:00',
        1,
        1
    ),
    (
        5,
        'new',
        3,
        3,
        28,
        'CVSS:3.1/AV:N/AC:L/PR:N/UI:N/S:U/C:H/I:H/A:N',
        'Critical',
        NULL,
        '2025-02-15 00:00:00',
        1,
        1
    ),
    (
        6,
        'risk_accepted',
        3,
        4,
        6,
        'CVSS:3.1/AV:N/AC:L/PR:N/UI:N/S:U/C:H/I:H/A:N',
        'Critical',
        NULL,
        '2025-06-01 00:00:00',
        1,
        1
    ),
    (
        7,
        'new',
        6,
        3,
        28,
        'CVSS:3.1/AV:N/AC:L/PR:N/UI:N/S:C/C:H/I:L/A:N',
        'Critical',
        NULL,
        '2025-02-01 00:00:00',
        1,
        1
    ),
    (
        8,
        'mitigated',
        6,
        45,
        7,
        'CVSS:3.1/AV:N/AC:L/PR:N/UI:N/S:C/C:H/I:L/A:N',
        'Critical',
        '2024-12-01 00:00:00',
        '2025-01-15 00:00:00',
        1,
        1
    ),
    (
        9,
        'new',
        9,
        5,
        6,
        'CVSS:3.1/AV:N/AC:L/PR:N/UI:N/S:U/C:H/I:H/A:H',
        'Critical',
        NULL,
        '2025-02-28 00:00:00',
        1,
        1
    ),
    (
        10,
        'new',
        9,
        6,
        6,
        'CVSS:3.1/AV:N/AC:L/PR:N/UI:N/S:U/C:H/I:H/A:H',
        'Critical',
        NULL,
        '2025-02-28 00:00:00',
        1,
        1
    ),
    (
        11,
        'mitigated',
        9,
        50,
        6,
        'CVSS:3.1/AV:N/AC:L/PR:N/UI:N/S:U/C:H/I:H/A:H',
        'Critical',
        '2024-10-01 00:00:00',
        '2024-12-01 00:00:00',
        1,
        1
    ),
    (
        12,
        'new',
        19,
        5,
        6,
        'CVSS:3.1/AV:N/AC:L/PR:N/UI:N/S:U/C:H/I:H/A:N',
        'Critical',
        NULL,
        '2025-03-15 00:00:00',
        1,
        1
    ),
    (
        13,
        'new',
        19,
        6,
        6,
        'CVSS:3.1/AV:N/AC:L/PR:N/UI:N/S:U/C:H/I:H/A:N',
        'Critical',
        NULL,
        '2025-03-15 00:00:00',
        1,
        1
    ),
    (
        14,
        'new',
        23,
        5,
        6,
        'CVSS:3.1/AV:N/AC:L/PR:N/UI:N/S:U/C:H/I:H/A:N',
        'Critical',
        NULL,
        '2025-04-01 00:00:00',
        1,
        1
    ),
    (
        15,
        'new',
        25,
        12,
        28,
        'CVSS:3.1/AV:N/AC:L/PR:N/UI:N/S:U/C:H/I:H/A:N',
        'Critical',
        NULL,
        '2025-02-01 00:00:00',
        1,
        1
    ),
    (
        16,
        'new',
        26,
        9,
        29,
        'CVSS:3.1/AV:N/AC:L/PR:N/UI:N/S:U/C:H/I:H/A:H',
        'Critical',
        NULL,
        '2025-01-15 00:00:00',
        1,
        1
    ),
    (
        17,
        'mitigated',
        26,
        21,
        2,
        'CVSS:3.1/AV:N/AC:L/PR:N/UI:N/S:U/C:H/I:H/A:H',
        'Critical',
        '2024-08-01 00:00:00',
        '2024-10-01 00:00:00',
        1,
        1
    ),
    (
        18,
        'new',
        30,
        5,
        6,
        'CVSS:3.1/AV:N/AC:L/PR:N/UI:N/S:U/C:H/I:H/A:N',
        'Critical',
        NULL,
        '2025-01-01 00:00:00',
        1,
        1
    ),
    (
        19,
        'new',
        34,
        9,
        29,
        'CVSS:3.1/AV:N/AC:L/PR:N/UI:N/S:U/C:H/I:H/A:N',
        'Critical',
        NULL,
        '2025-01-20 00:00:00',
        1,
        1
    ),
    (
        20,
        'new',
        35,
        12,
        28,
        'CVSS:3.1/AV:N/AC:L/PR:N/UI:N/S:C/C:H/I:H/A:H',
        'Critical',
        NULL,
        '2024-12-01 00:00:00',
        1,
        1
    ),
    (
        21,
        'new',
        2,
        9,
        29,
        'CVSS:3.1/AV:N/AC:L/PR:L/UI:N/S:U/C:H/I:H/A:H',
        'High',
        NULL,
        '2025-04-15 00:00:00',
        1,
        1
    ),
    (
        22,
        'new',
        2,
        10,
        29,
        'CVSS:3.1/AV:N/AC:L/PR:L/UI:N/S:U/C:H/I:H/A:H',
        'High',
        NULL,
        '2025-04-15 00:00:00',
        1,
        1
    ),
    (
        23,
        'mitigated',
        5,
        7,
        7,
        'CVSS:3.1/AV:N/AC:L/PR:N/UI:N/S:U/C:N/I:N/A:H',
        'High',
        '2024-09-01 00:00:00',
        '2024-11-01 00:00:00',
        1,
        1
    ),
    (
        24,
        'new',
        5,
        16,
        7,
        'CVSS:3.1/AV:N/AC:L/PR:N/UI:N/S:U/C:N/I:N/A:H',
        'High',
        NULL,
        '2025-03-01 00:00:00',
        1,
        1
    ),
    (
        25,
        'new',
        7,
        5,
        6,
        'CVSS:3.1/AV:N/AC:H/PR:N/UI:N/S:U/C:H/I:H/A:N',
        'High',
        NULL,
        '2025-05-01 00:00:00',
        1,
        1
    ),
    (
        26,
        'new',
        7,
        6,
        6,
        'CVSS:3.1/AV:N/AC:H/PR:N/UI:N/S:U/C:H/I:H/A:N',
        'High',
        NULL,
        '2025-05-01 00:00:00',
        1,
        1
    ),
    (
        27,
        'new',
        11,
        16,
        7,
        'CVSS:3.1/AV:N/AC:H/PR:N/UI:N/S:U/C:H/I:H/A:H',
        'High',
        NULL,
        '2025-04-01 00:00:00',
        1,
        1
    ),
    (
        28,
        'new',
        11,
        32,
        30,
        'CVSS:3.1/AV:N/AC:H/PR:N/UI:N/S:U/C:H/I:H/A:H',
        'High',
        NULL,
        '2025-04-01 00:00:00',
        1,
        1
    ),
    (
        29,
        'new',
        12,
        8,
        7,
        'CVSS:3.1/AV:N/AC:L/PR:N/UI:N/S:U/C:N/I:N/A:H',
        'High',
        NULL,
        '2025-03-15 00:00:00',
        1,
        1
    ),
    (
        30,
        'new',
        12,
        47,
        7,
        'CVSS:3.1/AV:N/AC:L/PR:N/UI:N/S:U/C:N/I:N/A:H',
        'High',
        NULL,
        '2025-03-15 00:00:00',
        1,
        1
    ),
    (
        31,
        'new',
        13,
        18,
        22,
        'CVSS:3.1/AV:L/AC:L/PR:L/UI:N/S:U/C:H/I:H/A:H',
        'High',
        NULL,
        '2025-05-01 00:00:00',
        1,
        1
    ),
    (
        32,
        'false_positive',
        13,
        41,
        14,
        'CVSS:3.1/AV:L/AC:L/PR:L/UI:N/S:U/C:H/I:H/A:H',
        'High',
        NULL,
        '2025-06-01 00:00:00',
        1,
        1
    ),
    (
        33,
        'new',
        14,
        5,
        6,
        'CVSS:3.1/AV:N/AC:H/PR:N/UI:N/S:U/C:H/I:H/A:N',
        'High',
        NULL,
        '2025-04-30 00:00:00',
        1,
        1
    ),
    (
        34,
        'new',
        14,
        6,
        6,
        'CVSS:3.1/AV:N/AC:H/PR:N/UI:N/S:U/C:H/I:H/A:N',
        'High',
        NULL,
        '2025-04-30 00:00:00',
        1,
        1
    ),
    (
        35,
        'new',
        15,
        9,
        29,
        'CVSS:3.1/AV:N/AC:L/PR:N/UI:N/S:U/C:N/I:N/A:H',
        'High',
        NULL,
        '2025-03-01 00:00:00',
        1,
        1
    ),
    (
        36,
        'new',
        15,
        11,
        29,
        'CVSS:3.1/AV:N/AC:L/PR:N/UI:N/S:U/C:N/I:N/A:H',
        'High',
        NULL,
        '2025-03-01 00:00:00',
        1,
        1
    ),
    (
        37,
        'new',
        15,
        28,
        30,
        'CVSS:3.1/AV:N/AC:L/PR:N/UI:N/S:U/C:N/I:N/A:H',
        'High',
        NULL,
        '2025-03-01 00:00:00',
        1,
        1
    ),
    (
        38,
        'mitigated',
        16,
        24,
        22,
        'CVSS:3.1/AV:L/AC:L/PR:L/UI:N/S:C/C:H/I:H/A:H',
        'High',
        '2024-07-01 00:00:00',
        '2024-09-01 00:00:00',
        1,
        1
    ),
    (
        39,
        'new',
        16,
        25,
        22,
        'CVSS:3.1/AV:L/AC:L/PR:L/UI:N/S:C/C:H/I:H/A:H',
        'High',
        NULL,
        '2025-02-01 00:00:00',
        1,
        1
    ),
    (
        40,
        'new',
        16,
        26,
        22,
        'CVSS:3.1/AV:L/AC:L/PR:L/UI:N/S:C/C:H/I:H/A:H',
        'High',
        NULL,
        '2025-02-01 00:00:00',
        1,
        1
    ),
    (
        41,
        'new',
        17,
        24,
        22,
        'CVSS:3.1/AV:L/AC:L/PR:H/UI:N/S:C/C:H/I:H/A:H',
        'High',
        NULL,
        '2025-03-01 00:00:00',
        1,
        1
    ),
    (
        42,
        'new',
        18,
        12,
        28,
        'CVSS:3.1/AV:L/AC:L/PR:L/UI:N/S:C/C:H/I:H/A:H',
        'High',
        NULL,
        '2025-02-15 00:00:00',
        1,
        1
    ),
    (
        43,
        'new',
        18,
        49,
        28,
        'CVSS:3.1/AV:L/AC:L/PR:L/UI:N/S:C/C:H/I:H/A:H',
        'High',
        NULL,
        '2025-02-15 00:00:00',
        1,
        1
    ),
    (
        44,
        'new',
        20,
        5,
        6,
        'CVSS:3.1/AV:N/AC:L/PR:N/UI:N/S:U/C:H/I:N/A:N',
        'High',
        NULL,
        '2025-05-15 00:00:00',
        1,
        1
    ),
    (
        45,
        'new',
        22,
        21,
        2,
        'CVSS:3.1/AV:N/AC:L/PR:L/UI:N/S:U/C:N/I:N/A:H',
        'High',
        NULL,
        '2025-04-20 00:00:00',
        1,
        1
    ),
    (
        46,
        'new',
        22,
        22,
        2,
        'CVSS:3.1/AV:N/AC:L/PR:L/UI:N/S:U/C:N/I:N/A:H',
        'High',
        NULL,
        '2025-04-20 00:00:00',
        1,
        1
    ),
    (
        47,
        'new',
        23,
        29,
        30,
        'CVSS:3.1/AV:N/AC:L/PR:N/UI:N/S:U/C:N/I:N/A:H',
        'High',
        NULL,
        '2025-04-01 00:00:00',
        1,
        1
    ),
    (
        48,
        'new',
        23,
        35,
        30,
        'CVSS:3.1/AV:N/AC:L/PR:N/UI:N/S:U/C:N/I:N/A:H',
        'High',
        NULL,
        '2025-04-01 00:00:00',
        1,
        1
    ),
    (
        49,
        'new',
        27,
        15,
        29,
        'CVSS:3.1/AV:N/AC:L/PR:N/UI:N/S:U/C:N/I:N/A:H',
        'High',
        NULL,
        '2025-03-20 00:00:00',
        1,
        1
    ),
    (
        50,
        'mitigated',
        27,
        39,
        5,
        'CVSS:3.1/AV:N/AC:L/PR:N/UI:N/S:U/C:N/I:N/A:H',
        'High',
        '2024-11-01 00:00:00',
        '2025-01-01 00:00:00',
        1,
        1
    ),
    (
        51,
        'new',
        28,
        5,
        6,
        'CVSS:3.1/AV:N/AC:H/PR:N/UI:N/S:U/C:H/I:H/A:N',
        'High',
        NULL,
        '2025-05-20 00:00:00',
        1,
        1
    ),
    (
        52,
        'new',
        31,
        8,
        7,
        'CVSS:3.1/AV:N/AC:L/PR:N/UI:N/S:U/C:H/I:H/A:N',
        'Critical',
        NULL,
        '2025-01-31 00:00:00',
        1,
        1
    ),
    (
        53,
        'mitigated',
        31,
        27,
        27,
        'CVSS:3.1/AV:N/AC:L/PR:N/UI:N/S:U/C:H/I:H/A:N',
        'Critical',
        '2024-06-01 00:00:00',
        '2024-08-01 00:00:00',
        1,
        1
    ),
    (
        54,
        'new',
        32,
        34,
        30,
        'CVSS:3.1/AV:N/AC:L/PR:L/UI:N/S:C/C:H/I:H/A:H',
        'Critical',
        NULL,
        '2025-02-01 00:00:00',
        1,
        1
    ),
    (
        55,
        'new',
        33,
        32,
        30,
        'CVSS:3.1/AV:N/AC:L/PR:L/UI:N/S:U/C:H/I:H/A:N',
        'High',
        NULL,
        '2025-03-01 00:00:00',
        1,
        1
    ),
    (
        56,
        'new',
        33,
        35,
        30,
        'CVSS:3.1/AV:N/AC:L/PR:L/UI:N/S:U/C:H/I:H/A:N',
        'High',
        NULL,
        '2025-03-01 00:00:00',
        1,
        1
    ),
    (
        57,
        'false_positive',
        34,
        9,
        29,
        'CVSS:3.1/AV:N/AC:L/PR:N/UI:N/S:U/C:L/I:N/A:N',
        'Medium',
        NULL,
        '2025-06-01 00:00:00',
        1,
        1
    ),
    (
        58,
        'new',
        34,
        29,
        30,
        'CVSS:3.1/AV:N/AC:L/PR:N/UI:N/S:U/C:L/I:N/A:N',
        'Medium',
        NULL,
        '2025-05-01 00:00:00',
        1,
        1
    ),
    (
        59,
        'new',
        4,
        7,
        7,
        'CVSS:3.1/AV:N/AC:L/PR:L/UI:N/S:U/C:H/I:N/A:N',
        'Medium',
        NULL,
        '2025-05-30 00:00:00',
        1,
        1
    ),
    (
        60,
        'new',
        4,
        39,
        5,
        'CVSS:3.1/AV:N/AC:L/PR:L/UI:N/S:U/C:H/I:N/A:N',
        'Medium',
        NULL,
        '2025-05-30 00:00:00',
        1,
        1
    ),
    (
        61,
        'new',
        8,
        7,
        7,
        'CVSS:3.1/AV:N/AC:L/PR:N/UI:R/S:U/C:H/I:N/A:N',
        'Medium',
        NULL,
        '2025-06-01 00:00:00',
        1,
        1
    ),
    (
        62,
        'mitigated',
        8,
        42,
        16,
        'CVSS:3.1/AV:N/AC:L/PR:N/UI:R/S:U/C:H/I:N/A:N',
        'Medium',
        '2024-12-15 00:00:00',
        '2025-02-01 00:00:00',
        1,
        1
    ),
    (
        63,
        'new',
        10,
        30,
        30,
        'CVSS:3.1/AV:N/AC:L/PR:N/UI:R/S:C/C:L/I:L/A:N',
        'Medium',
        NULL,
        '2025-06-15 00:00:00',
        1,
        1
    ),
    (
        64,
        'new',
        10,
        31,
        30,
        'CVSS:3.1/AV:N/AC:L/PR:N/UI:R/S:C/C:L/I:L/A:N',
        'Medium',
        NULL,
        '2025-06-15 00:00:00',
        1,
        1
    ),
    (
        65,
        'new',
        20,
        6,
        6,
        'CVSS:3.1/AV:N/AC:L/PR:N/UI:R/S:C/C:L/I:L/A:N',
        'Medium',
        NULL,
        '2025-06-01 00:00:00',
        1,
        1
    ),
    (
        66,
        'new',
        24,
        19,
        29,
        'CVSS:3.1/AV:N/AC:L/PR:L/UI:N/S:U/C:H/I:N/A:N',
        'Medium',
        NULL,
        '2025-05-15 00:00:00',
        1,
        1
    ),
    (
        67,
        'new',
        24,
        37,
        5,
        'CVSS:3.1/AV:N/AC:L/PR:L/UI:N/S:U/C:H/I:N/A:N',
        'Medium',
        NULL,
        '2025-05-15 00:00:00',
        1,
        1
    ),
    (
        68,
        'new',
        29,
        33,
        2,
        'CVSS:3.1/AV:N/AC:H/PR:N/UI:N/S:U/C:H/I:N/A:N',
        'Medium',
        NULL,
        '2025-05-01 00:00:00',
        1,
        1
    ),
    (
        69,
        'new',
        29,
        34,
        2,
        'CVSS:3.1/AV:N/AC:H/PR:N/UI:N/S:U/C:H/I:N/A:N',
        'Medium',
        NULL,
        '2025-05-01 00:00:00',
        1,
        1
    ),
    (
        70,
        'false_positive',
        38,
        21,
        2,
        'CVSS:3.1/AV:L/AC:L/PR:L/UI:N/S:U/C:H/I:N/A:N',
        'Medium',
        NULL,
        '2025-06-01 00:00:00',
        1,
        1
    ),
    (
        71,
        'new',
        38,
        22,
        2,
        'CVSS:3.1/AV:L/AC:L/PR:L/UI:N/S:U/C:H/I:N/A:N',
        'Medium',
        NULL,
        '2025-06-01 00:00:00',
        1,
        1
    ),
    (
        72,
        'new',
        38,
        23,
        2,
        'CVSS:3.1/AV:L/AC:L/PR:L/UI:N/S:U/C:H/I:N/A:N',
        'Medium',
        NULL,
        '2025-06-01 00:00:00',
        1,
        1
    ),
    (
        73,
        'new',
        36,
        1,
        28,
        'CVSS:3.1/AV:L/AC:L/PR:L/UI:N/S:U/C:H/I:H/A:H',
        'High',
        NULL,
        '2025-04-01 00:00:00',
        1,
        1
    ),
    (
        74,
        'new',
        36,
        19,
        29,
        'CVSS:3.1/AV:L/AC:L/PR:L/UI:N/S:U/C:H/I:H/A:H',
        'High',
        NULL,
        '2025-04-01 00:00:00',
        1,
        1
    ),
    (
        75,
        'new',
        37,
        37,
        5,
        'CVSS:3.1/AV:N/AC:H/PR:N/UI:N/S:U/C:H/I:H/A:N',
        'High',
        NULL,
        '2025-03-31 00:00:00',
        1,
        1
    ),
    (
        76,
        'risk_accepted',
        39,
        27,
        27,
        'CVSS:3.1/AV:N/AC:L/PR:N/UI:N/S:U/C:L/I:L/A:N',
        'Medium',
        NULL,
        '2025-07-01 00:00:00',
        1,
        1
    ),
    (
        77,
        'new',
        39,
        38,
        20,
        'CVSS:3.1/AV:N/AC:L/PR:N/UI:N/S:U/C:L/I:L/A:N',
        'Medium',
        NULL,
        '2025-07-01 00:00:00',
        1,
        1
    ),
    (
        78,
        'new',
        40,
        27,
        27,
        'CVSS:3.1/AV:N/AC:L/PR:N/UI:N/S:U/C:H/I:H/A:N',
        'Critical',
        NULL,
        '2024-12-31 00:00:00',
        1,
        1
    ),
    (
        79,
        'new',
        40,
        45,
        7,
        'CVSS:3.1/AV:N/AC:L/PR:N/UI:N/S:U/C:H/I:H/A:N',
        'Critical',
        NULL,
        '2024-12-31 00:00:00',
        1,
        1
    ),
    (
        80,
        'new',
        40,
        46,
        7,
        'CVSS:3.1/AV:N/AC:L/PR:N/UI:N/S:U/C:H/I:H/A:N',
        'Critical',
        NULL,
        '2024-12-31 00:00:00',
        1,
        1
    ),
    (
        81,
        'new',
        41,
        27,
        27,
        'CVSS:3.1/AV:N/AC:H/PR:N/UI:N/S:U/C:H/I:H/A:N',
        'High',
        NULL,
        '2025-04-01 00:00:00',
        1,
        1
    ),
    (
        82,
        'new',
        42,
        27,
        27,
        'CVSS:3.1/AV:L/AC:L/PR:L/UI:N/S:C/C:H/I:H/A:H',
        'High',
        NULL,
        '2025-04-01 00:00:00',
        1,
        1
    ),
    (
        83,
        'new',
        43,
        24,
        22,
        'CVSS:3.1/AV:L/AC:L/PR:H/UI:N/S:U/C:H/I:H/A:N',
        'Medium',
        NULL,
        '2025-05-01 00:00:00',
        1,
        1
    ),
    (
        84,
        'new',
        44,
        9,
        29,
        'CVSS:3.1/AV:N/AC:L/PR:N/UI:N/S:U/C:N/I:N/A:L',
        'Low',
        NULL,
        '2025-07-01 00:00:00',
        1,
        1
    ),
    (
        85,
        'new',
        44,
        11,
        29,
        'CVSS:3.1/AV:N/AC:L/PR:N/UI:N/S:U/C:N/I:N/A:L',
        'Low',
        NULL,
        '2025-07-01 00:00:00',
        1,
        1
    ),
    (
        86,
        'new',
        45,
        3,
        28,
        'CVSS:3.1/AV:N/AC:L/PR:N/UI:N/S:U/C:L/I:L/A:N',
        'Medium',
        NULL,
        '2025-06-01 00:00:00',
        1,
        1
    ),
    (
        87,
        'new',
        45,
        16,
        7,
        'CVSS:3.1/AV:N/AC:L/PR:N/UI:N/S:U/C:L/I:L/A:N',
        'Medium',
        NULL,
        '2025-06-01 00:00:00',
        1,
        1
    ),
    (
        88,
        'mitigated',
        45,
        45,
        7,
        'CVSS:3.1/AV:N/AC:L/PR:N/UI:N/S:U/C:L/I:L/A:N',
        'Medium',
        '2024-10-01 00:00:00',
        '2024-12-01 00:00:00',
        1,
        1
    ),
    (
        89,
        'new',
        46,
        1,
        28,
        'CVSS:3.1/AV:N/AC:L/PR:N/UI:N/S:U/C:H/I:N/A:N',
        'High',
        NULL,
        '2025-03-01 00:00:00',
        1,
        1
    ),
    (
        90,
        'new',
        47,
        14,
        22,
        'CVSS:3.1/AV:L/AC:L/PR:L/UI:N/S:U/C:H/I:H/A:N',
        'High',
        NULL,
        '2025-03-01 00:00:00',
        1,
        1
    ),
    (
        91,
        'new',
        48,
        26,
        22,
        'CVSS:3.1/AV:L/AC:L/PR:H/UI:N/S:C/C:H/I:H/A:H',
        'High',
        NULL,
        '2025-02-15 00:00:00',
        1,
        1
    ),
    (
        92,
        'new',
        49,
        42,
        16,
        'CVSS:3.1/AV:N/AC:L/PR:H/UI:N/S:U/C:L/I:H/A:N',
        'Medium',
        NULL,
        '2025-05-01 00:00:00',
        1,
        1
    ),
    (
        93,
        'new',
        50,
        5,
        6,
        'CVSS:3.1/AV:N/AC:L/PR:N/UI:N/S:U/C:H/I:N/A:N',
        'High',
        NULL,
        '2025-03-15 00:00:00',
        1,
        1
    ),
    (
        94,
        'new',
        50,
        6,
        6,
        'CVSS:3.1/AV:N/AC:L/PR:N/UI:N/S:U/C:H/I:N/A:N',
        'High',
        NULL,
        '2025-03-15 00:00:00',
        1,
        1
    ),
    (
        95,
        'new',
        21,
        9,
        29,
        'CVSS:3.1/AV:L/AC:L/PR:L/UI:N/S:U/C:N/I:N/A:L',
        'Low',
        NULL,
        '2025-08-01 00:00:00',
        1,
        1
    ),
    (
        96,
        'new',
        21,
        19,
        29,
        'CVSS:3.1/AV:L/AC:L/PR:L/UI:N/S:U/C:N/I:N/A:L',
        'Low',
        NULL,
        '2025-08-01 00:00:00',
        1,
        1
    ),
    (
        97,
        'new',
        33,
        36,
        30,
        'CVSS:3.1/AV:N/AC:L/PR:L/UI:N/S:U/C:H/I:H/A:N',
        'High',
        NULL,
        '2025-03-01 00:00:00',
        1,
        1
    ),
    (
        98,
        'new',
        28,
        17,
        22,
        'CVSS:3.1/AV:N/AC:H/PR:N/UI:N/S:U/C:H/I:N/A:N',
        'Medium',
        NULL,
        '2025-06-01 00:00:00',
        1,
        1
    ),
    (
        99,
        'risk_accepted',
        29,
        41,
        14,
        'CVSS:3.1/AV:N/AC:H/PR:N/UI:N/S:U/C:H/I:N/A:N',
        'Medium',
        NULL,
        '2025-09-01 00:00:00',
        1,
        1
    ),
    (
        100,
        'new',
        35,
        27,
        27,
        'CVSS:3.1/AV:N/AC:L/PR:N/UI:N/S:C/C:H/I:H/A:H',
        'Critical',
        NULL,
        '2024-11-30 00:00:00',
        1,
        1
    ),
    (
        101,
        'new',
        17,
        25,
        22,
        'CVSS:3.1/AV:L/AC:L/PR:H/UI:N/S:C/C:H/I:H/A:H',
        'High',
        NULL,
        '2025-03-01 00:00:00',
        1,
        1
    ),
    (
        102,
        'new',
        18,
        13,
        28,
        'CVSS:3.1/AV:L/AC:L/PR:L/UI:N/S:C/C:H/I:H/A:H',
        'High',
        NULL,
        '2025-02-15 00:00:00',
        1,
        1
    ),
    (
        103,
        'new',
        25,
        13,
        28,
        'CVSS:3.1/AV:N/AC:L/PR:N/UI:N/S:U/C:H/I:H/A:N',
        'Critical',
        NULL,
        '2025-02-01 00:00:00',
        1,
        1
    ),
    (
        104,
        'new',
        26,
        10,
        29,
        'CVSS:3.1/AV:N/AC:L/PR:N/UI:N/S:U/C:H/I:H/A:H',
        'Critical',
        NULL,
        '2025-01-15 00:00:00',
        1,
        1
    ),
    (
        105,
        'mitigated',
        32,
        33,
        2,
        'CVSS:3.1/AV:N/AC:L/PR:L/UI:N/S:C/C:H/I:H/A:H',
        'Critical',
        '2024-05-01 00:00:00',
        '2024-07-01 00:00:00',
        1,
        1
    ),
    (
        106,
        'new',
        6,
        46,
        7,
        'CVSS:3.1/AV:N/AC:L/PR:N/UI:N/S:C/C:H/I:L/A:N',
        'Critical',
        NULL,
        '2025-02-01 00:00:00',
        1,
        1
    ),
    (
        107,
        'new',
        16,
        26,
        22,
        'CVSS:3.1/AV:L/AC:L/PR:L/UI:N/S:C/C:H/I:H/A:H',
        'High',
        NULL,
        '2025-02-01 00:00:00',
        1,
        1
    ),
    (
        108,
        'new',
        36,
        27,
        27,
        'CVSS:3.1/AV:L/AC:L/PR:L/UI:N/S:U/C:H/I:H/A:H',
        'High',
        NULL,
        '2025-04-01 00:00:00',
        1,
        1
    ),
    (
        109,
        'new',
        22,
        23,
        2,
        'CVSS:3.1/AV:N/AC:L/PR:L/UI:N/S:U/C:N/I:N/A:H',
        'High',
        NULL,
        '2025-04-20 00:00:00',
        1,
        1
    ),
    (
        110,
        'new',
        41,
        12,
        28,
        'CVSS:3.1/AV:L/AC:L/PR:H/UI:N/S:U/C:N/I:N/A:H',
        'Medium',
        NULL,
        '2025-05-01 00:00:00',
        1,
        1
    );

INSERT INTO
    Owner (
        owner_service_id,
        owner_user_id
    )
VALUES (14, 2),
    (14, 4),
    (43, 2),
    (43, 8),
    (41, 4),
    (41, 10),
    (28, 6),
    (28, 12),
    (45, 8),
    (45, 14),
    (13, 10),
    (26, 12),
    (52, 14),
    (36, 16),
    (9, 18),
    (12, 20),
    (19, 22),
    (15, 24),
    (27, 26),
    (35, 2);

INSERT INTO
    SupportGroupUser (
        supportgroupuser_support_group_id,
        supportgroupuser_user_id
    )
VALUES (1, 2),
    (1, 4),
    (1, 8),
    (2, 10),
    (2, 14),
    (3, 12),
    (3, 16),
    (3, 22),
    (3, 26),
    (5, 18),
    (5, 20),
    (6, 6),
    (6, 24),
    (7, 4),
    (7, 10),
    (9, 18),
    (11, 8),
    (11, 14),
    (11, 16),
    (12, 26),
    (12, 20),
    (13, 10),
    (13, 22),
    (3, 28),
    (11, 29),
    (1, 30);

INSERT INTO
    Remediation (
        remediation_id,
        remediation_type,
        remediation_severity,
        remediation_description,
        remediation_remediation_date,
        remediation_expiration_date,
        remediation_service,
        remediation_service_id,
        remediation_component,
        remediation_component_id,
        remediation_issue,
        remediation_issue_id,
        remediation_remediated_by,
        remediation_remediated_by_id,
        remediation_created_by,
        remediation_updated_by
    )
VALUES (
        1,
        'mitigation',
        'Critical',
        'Deployed WAF rule blocking malformed HTTP requests to vm-engine endpoints pending upstream patch.',
        '2024-11-15 00:00:00',
        '2025-03-01 00:00:00',
        'vm-mgr-svc',
        14,
        'vm-engine',
        1,
        'CVE-0000-10001',
        1,
        'Alice Hartmann',
        2,
        1,
        1
    ),
    (
        2,
        'mitigation',
        'Critical',
        'Network segmentation enforced: sdn-engine isolated from external ingress pending SQL injection fix.',
        '2024-12-01 00:00:00',
        '2025-04-01 00:00:00',
        'sdn-svc',
        41,
        'sdn-engine',
        2,
        'CVE-0000-10003',
        3,
        'David Sommer',
        5,
        1,
        1
    ),
    (
        3,
        'false_positive',
        'High',
        'CVE-0000-10013 does not apply: environment variable interpolation is not user-controlled in key-api context.',
        NULL,
        NULL,
        'key-svc',
        9,
        'key-api',
        24,
        'CVE-0000-10013',
        13,
        'Eva Richter',
        6,
        1,
        1
    ),
    (
        4,
        'risk_accepted',
        'Critical',
        'CVE-0000-10003 risk accepted for sdn-svc-agent in region-b: not exposed to public net-svc, compensating controls active.',
        NULL,
        '2025-06-01 00:00:00',
        'sdn-svc',
        41,
        'sdn-engine',
        2,
        'CVE-0000-10003',
        3,
        'Greta Schuster',
        8,
        1,
        1
    ),
    (
        5,
        'mitigation',
        'Critical',
        'Keystone API: insecure-default-credentials mitigated by rotating all admin passwords and enforcing MFA.',
        '2024-09-01 00:00:00',
        '2025-03-01 00:00:00',
        'auth-svc',
        28,
        'auth-api',
        3,
        'CVE-0000-10009',
        9,
        'Hans Vogel',
        9,
        1,
        1
    ),
    (
        6,
        'rescore',
        'Medium',
        'CVE-0000-20006 rescored from Low to Medium after internal analysis: reflected file download affects SSO redirect path.',
        NULL,
        NULL,
        'auth-svc',
        28,
        'auth-api',
        3,
        'CVE-0000-20006',
        21,
        'Irene Wolf',
        10,
        1,
        1
    ),
    (
        7,
        'mitigation',
        'High',
        'Container escape CVE-0000-20003: cgroup namespace hardened via seccomp profile on all orch-api pods.',
        '2024-12-15 00:00:00',
        '2025-06-15 00:00:00',
        'orch-svc',
        26,
        'orch-api',
        8,
        'CVE-0000-20003',
        18,
        'Jonas Braun',
        11,
        1,
        1
    ),
    (
        8,
        'mitigation',
        'Critical',
        'Use-after-free CVE-0000-20001: kernel patched on all vm-mgr worker-svcs in region-a; region-b scheduled for next window.',
        '2024-07-01 00:00:00',
        '2025-01-01 00:00:00',
        'bare-svc',
        10,
        'base-os-22.04',
        17,
        'CVE-0000-20001',
        16,
        'Katja Lorenz',
        12,
        1,
        1
    ),
    (
        9,
        'risk_accepted',
        'High',
        'CVE-0000-20002 NULL ptr in hypervisor: risk accepted for region-a vm-mgr worker-svcs until next maintenance window.',
        NULL,
        '2025-06-01 00:00:00',
        'bare-svc',
        10,
        'base-os-22.04',
        17,
        'CVE-0000-20002',
        17,
        'Leon Fuchs',
        13,
        1,
        1
    ),
    (
        10,
        'mitigation',
        'Critical',
        'CVE-0000-30001 YAML RCE: metric-srv updated to patched version; old deployment scaled to zero.',
        '2024-08-01 00:00:00',
        '2025-02-01 00:00:00',
        'prom-svc',
        45,
        'metric-srv',
        6,
        'CVE-0000-30001',
        26,
        'Maria Krause',
        14,
        1,
        1
    ),
    (
        11,
        'false_positive',
        'Medium',
        'CVE-0000-30004 timing side-channel: does not apply to this TLS termination stack — confirmed by security engineering.',
        NULL,
        NULL,
        'prom-svc',
        45,
        'metric-srv',
        6,
        'CVE-0000-30004',
        29,
        'Nico Peters',
        15,
        1,
        1
    ),
    (
        12,
        'mitigation',
        'Critical',
        'Kubernetes API anon auth bypass CVE-0000-40005: anonymous-auth=false enforced in orch-api flags.',
        '2024-05-01 00:00:00',
        '2024-11-01 00:00:00',
        'orch-svc',
        26,
        'orch-api',
        8,
        'CVE-0000-40005',
        35,
        'Olivia Roth',
        16,
        1,
        1
    ),
    (
        13,
        'mitigation',
        'High',
        'POL-2024-0001 container-as-root: securityContext.runAsNonRoot=true enforced via admission webhook on compute-svc namespace.',
        '2025-01-15 00:00:00',
        '2025-07-15 00:00:00',
        'vm-mgr-svc',
        14,
        'vm-engine',
        1,
        'POL-2024-0001',
        36,
        'Paul Zimmer',
        17,
        1,
        1
    ),
    (
        14,
        'rescore',
        'Medium',
        'POL-2024-0003 secret in env var: rescored from Low; affects auth-svc credential rotation automation pipeline.',
        NULL,
        NULL,
        'auth-svc',
        28,
        'auth-api',
        3,
        'POL-2024-0003',
        38,
        'Quinn Lange',
        18,
        1,
        1
    ),
    (
        15,
        'mitigation',
        'High',
        'EVT-2024-0001 anomalous outbound: source IP blocked at perimeter FW, incident ticket raised with vm-mgr team.',
        '2025-02-01 00:00:00',
        '2025-08-01 00:00:00',
        'vm-mgr-svc',
        14,
        'vm-engine',
        1,
        'EVT-2024-0001',
        46,
        'Rosa Engel',
        19,
        1,
        1
    ),
    (
        16,
        'mitigation',
        'Critical',
        'Hard-coded key material CVE-0000-20010: rotated all affected keys, added secret scanning to CI pipeline.',
        '2024-12-01 00:00:00',
        '2025-06-01 00:00:00',
        'orch-svc',
        26,
        'orch-api',
        8,
        'CVE-0000-20010',
        25,
        'Stefan Koch',
        20,
        1,
        1
    ),
    (
        17,
        'risk_accepted',
        'Medium',
        'POL-2024-0004 missing NetworkPolicy: risk accepted for quota-svc namespace, team working on pod-level policy rollout.',
        NULL,
        '2025-09-01 00:00:00',
        'quota-svc',
        32,
        'vm-engine',
        1,
        'POL-2024-0004',
        39,
        'Tina Schulz',
        21,
        1,
        1
    ),
    (
        18,
        'mitigation',
        'High',
        'CVE-0000-40002 SSTI: report template engine restricted to safe subset, user-provided templates now sandboxed.',
        '2024-06-01 00:00:00',
        '2024-12-01 00:00:00',
        'metrics-svc-svc',
        36,
        'dash-board',
        29,
        'CVE-0000-40002',
        32,
        'Ulrich Berger',
        22,
        1,
        1
    ),
    (
        19,
        'false_positive',
        'Medium',
        'CVE-0000-20009 IDOR: does not apply — resource IDs are opaque UUIDs with no sequential pattern in this service.',
        NULL,
        NULL,
        'key-svc',
        9,
        'key-api',
        24,
        'CVE-0000-20009',
        24,
        'Vera Hoffmann',
        23,
        1,
        1
    ),
    (
        20,
        'mitigation',
        'High',
        'TLS 1.1 POL-2023-0003: lb-svc load balancer reconfigured to TLS 1.2 minimum, cipher suite restricted.',
        '2024-11-01 00:00:00',
        '2025-05-01 00:00:00',
        'lb-svc',
        44,
        'sdn-engine',
        2,
        'POL-2023-0003',
        45,
        'Walter Klein',
        24,
        1,
        1
    );

INSERT INTO
    Patch (
        patch_id,
        patch_service_id,
        patch_service_name,
        patch_component_version_id,
        patch_component_version_name,
        patch_created_by,
        patch_updated_by
    )
VALUES (
        1,
        14,
        'compute-svc',
        1,
        'v27.0.0',
        1,
        1
    ),
    (
        2,
        41,
        'sdn-svc',
        3,
        'v23.1.0',
        1,
        1
    ),
    (
        3,
        28,
        'auth-svc',
        5,
        'v23.0.1',
        1,
        1
    ),
    (
        4,
        45,
        'prom-svc',
        9,
        'v2.51.0',
        1,
        1
    ),
    (
        5,
        26,
        'orch-svc',
        12,
        'v1.29.3',
        1,
        1
    ),
    (
        6,
        13,
        'block-svc',
        7,
        'v22.1.0',
        1,
        1
    ),
    (
        7,
        20,
        'img-svc',
        8,
        'v26.1.0',
        1,
        1
    ),
    (
        8,
        9,
        'key-svc',
        39,
        'v16.0.1',
        1,
        1
    ),
    (
        9,
        52,
        'obj-svc',
        27,
        'v2.30.0',
        1,
        1
    ),
    (
        10,
        35,
        'share-svc',
        38,
        'v13.0.0',
        1,
        1
    ),
    (
        11,
        25,
        'metal-svc',
        37,
        'v21.1.0',
        1,
        1
    ),
    (
        12,
        44,
        'lb-svc',
        3,
        'v23.1.0',
        1,
        1
    ),
    (
        13,
        36,
        'metrics-svc',
        29,
        '10.2.3',
        1,
        1
    ),
    (
        14,
        27,
        'reg-svc',
        35,
        'v2.9.4',
        1,
        1
    ),
    (
        15,
        19,
        'policy-svc',
        26,
        'v3.14.0',
        1,
        1
    ),
    (
        16,
        32,
        'quota-svc',
        5,
        'v23.0.1',
        1,
        1
    ),
    (
        17,
        15,
        'build-svc',
        32,
        'v2.9.7',
        1,
        1
    ),
    (
        18,
        43,
        'compute-svc',
        1,
        'v27.0.0',
        1,
        1
    ),
    (
        19,
        10,
        'bare-svc',
        23,
        '22.04.3',
        1,
        1
    ),
    (
        20,
        12,
        'cert-svc',
        17,
        'v1.13.0',
        1,
        1
    );

CALL refresh_mvServiceIssueCounts_proc ();

CALL refresh_mvCountIssueRatingsUniqueService_proc ();

CALL refresh_mvCountIssueRatingsService_proc ();

CALL refresh_mvCountIssueRatingsServiceWithoutSupportGroup_proc ();

CALL refresh_mvCountIssueRatingsSupportGroup_proc ();

CALL refresh_mvCountIssueRatingsComponentVersion_proc ();

CALL refresh_mvCountIssueRatingsServiceId_proc ();

CALL refresh_mvCountIssueRatingsOther_proc ();

CALL refresh_mvSingleComponentByServiceVulnerabilityCounts_proc ();

CALL refresh_mvAllComponentsByServiceVulnerabilityCounts_proc ();

SET FOREIGN_KEY_CHECKS = 1;